"longitude","latitude","tot_pob"
-122.822404,47.044011,1
-122.296229,47.443377,1
-117.388933,47.673347,1
-117.4236637,47.65579218,1
-122.193162,47.614744,1
-122.0195,47.545324,1
-122.091237,47.675897,1
-122.191915,47.761878,1
-122.12995,47.679224,1
-122.099034,47.672359,1
-122.147041,47.734211,1
-122.221114,47.338754,1
-122.454132,48.755607,1
-122.684286,47.562162,1
-122.333257,47.458466,1
-122.344838,47.778229,1
-122.930247,47.031067,1
-119.128998,46.236607,1
-123.342273,48.102863,1
-122.294997,47.207367,1
-122.2188,47.448354,1
-117.409937,47.739021,1
-117.312518,47.657264,1
-122.48576,47.21978,1
-122.597954,45.648094,1
-118.353406,46.047464,1
-122.19696,47.616104,1
-122.194037,47.61434,1
-122.273183,47.434021,1
-122.478493,47.22213,1
-122.44172,47.255854,1
-122.145285,47.568871,1
-122.036938,47.601657,1
-122.256619,47.424222,1
-122.212445,47.443255,1
-122.214491,47.444606,1
-122.170748,47.483635,1
-122.204976,47.474537,1
-122.437429,47.253809,1
-122.43398,47.245934,1
-122.344838,47.778229,1
-122.2469883724914,47.90272981640562,1
-122.930247,47.031067,1
-119.128998,46.236607,1
-122.294997,47.207367,1
-122.2188,47.448354,1
-122.332664,47.606684,1
-122.330278,47.604906,1
-122.323106,47.582934,1
-122.347124,47.622085,1
-122.341922,47.699613,1
-122.321401,47.57952,1
-122.353024,47.565149,1
-122.48576,47.21978,1
-122.684286,47.562162,1
-122.333257,47.458466,1
-122.597954,45.648094,1
-120.500687,46.590246,1
-120.500687,46.590246,1
-121.987449,47.868914,1
-121.261467,48.673466,1
-122.504,45.63017,1
-122.3087234,47.54527283,1
-122.331009,47.598663,1
-122.325494,48.437569,1
-122.063633,47.547047,1
-123.1135,48.08536,1
-122.1774112,47.4847291,1
-120.406494,48.594482,1
-122.339405,47.613883,1
-122.330626,47.605599,1
-120.0199,47.8399,1
-120.0199,47.8399,1
-120.180796,48.476543,1
-119.503978,48.421424,1
-120.742416,47.758434,1
-119.901506,48.051825,1
-122.662816,45.748069,1
-122.192469,47.620793,1
-122.212538,47.443123,1
-122.675335,47.557801,1
-122.301754,46.051228,1
-122.62531,47.56358,1
-122.040397,46.761214,1
-122.120894,46.755816,1
-122.773271,48.989751,1
-120.307608,47.425375,1
-122.197194,47.619772,1
-122.484131,48.783478,1
-122.19603,47.61984,1
-120.018402,47.840838,1
-122.940192,46.141922,1
-122.191294,47.638269,1
-122.3185,47.658961,1
-122.318392,47.658409,1
-120.279071,47.400783,1
-120.279071,47.400783,1
-122.179455,47.716056,1
-122.179399,47.714435,1
-122.176869,47.714793,1
-119.162367,46.213233,1
-122.323977,47.594042,1
-122.286971,47.890423,1
-120.068983390213,47.83522282290976,1
-121.841787,47.519113,1
-120.31242,47.42745,1
-122.97422,46.72527,1
-122.47117,48.73115,1
-122.91012,46.27622,1
-122.33954,48.45625,1
-122.68359,45.81749,1
-122.64552,48.92653,1
-121.36073,47.7114,1
-122.669,45.77671,1
-122.321496,47.707951,1
-122.813252,48.093634,1
-122.80229,48.102409,1
-122.794143,48.103061,1
-122.760544,48.113018,1
-117.53956,47.625092,1
-122.179613,47.716066,1
-122.51934,47.624921,1
-123.098996,48.079897,1
-122.437452,47.252117,1
-119.287843,47.616684,1
-122.326393,47.609528,1
-122.517509,47.62419,1
-122.193075,47.759501,1
-122.190719,47.757842,1
-122.300707,47.313989,1
-122.426722,47.238785,1
-122.125164,47.577051,1
-122.322114,47.610087,1
-122.354922,47.6232795,1
-117.540534,47.630989,1
-122.90824,46.99366,1
-120.66404,47.59519,1
-121.81659,47.86215,1
-121.0198,47.2086,1
-121.41252,47.42253,1
-122.237601,47.906308,1
-122.324877,47.66159,1
-122.47265,47.225367,1
-122.174855,47.707294,1
-122.174855,47.707294,1
-122.89857,47.034344,1
-122.223648,47.573641,1
-117.164374,46.732394,1
-117.161393,46.729675,1
-122.496837,48.391109,1
-122.630287,47.56415,1
-122.6401,47.5501,1
-122.6401,47.5501,1
-117.157928,46.731746,1
-120.121376,48.362102,1
-121.981984,46.759919,1
-122.298723,47.423319,1
-122.298719,47.42327,1
-121.758653,48.537035,1
-120.315228,47.429582,1
-120.316235,47.442921,1
-122.299298,47.661471,1
-122.330804,47.599,1
-122.037552,47.534915,1
-122.479518,48.750857,1
-117.156333,46.729734,1
-122.201255,47.614294,1
-122.200729,47.614098,1
-121.244711,48.6735,1
-120.675803,47.558592,1
-118.150361,47.652922,1
-122.209818,47.577257,1
-122.540217,47.812524,1
-122.516388,47.504444,1
-122.037391,47.605953,1
-122.194775,47.613367,1
-119.672953,48.009356,1
-119.438406,48.705586,1
-122.194308,47.612468,1
-122.037426,47.606215,1
-120.331529,47.463409,1
-120.300871,47.531819,1
-122.32205,47.565076,1
-122.328735,47.604394,1
-122.344155,47.520043,1
-122.334822,47.702714,1
-122.293403,47.538387,1
-122.206569,47.61309,1
-122.334391,48.418198,1
-122.342164,47.622264,1
-122.143364,47.580655,1
-122.137229,47.635607,1
-122.190947,47.757838,1
-122.164808,47.571386,1
-122.203009,47.616971,1
-122.228541,47.590057,1
-120.317166,47.4175735,1
-117.397214,47.668201,1
-122.198497,47.612754,1
-122.578979,47.329291,1
-122.298284,47.661361,1
-122.590314,47.339342,1
-122.661047,47.75946,1
-123.021351,48.536489,1
-123.028884,48.514655,1
-123.019311,48.532963,1
-123.021001,48.532844,1
-122.904798,48.692979,1
-122.781015,48.641279,1
-122.909571,48.521863,1
-122.914874,48.530774,1
-122.295497,47.451709,1
-122.922337,47.023179,1
-122.647204,47.736632,1
-122.694367,47.652505,1
-122.3088327,48.436423,1
-122.147284,47.585655,1
-122.6467578,45.7208083,1
-122.514596,47.25914,1
-122.321639,47.60636,1
-122.215347,47.477362,1
-122.237313,47.203981,1
-122.167006,47.704069,1
-122.334893,47.611102,1
-122.15043,47.58495,1
-122.339684,47.633992,1
-122.677588,45.6313841,1
-122.513582,47.637692,1
-122.103668,47.359935,1
-122.301609,47.389529,1
-119.436456,48.938283,1
-119.483647,47.39125,1
-120.154608,47.883847,1
-122.296428,47.443363,1
-122.664489,45.662257,1
-121.812778,46.750241,1
-122.332012,47.609095,1
-117.368859,47.659232,1
-117.430179,47.653614,1
-117.416241,47.669621,1
-117.227256,47.628186,1
-117.431811,47.662679,1
-122.133439,47.617634,1
-122.896054,47.011089,1
-122.312203,47.58002,1
-122.179484,47.61541,1
-119.188501,46.180363,1
-120.549197,46.994236,1
-117.360474,47.673158,1
-117.464446,47.675247,1
-122.190681,47.757824,1
-122.201196,47.614503,1
-122.201051,47.614311,1
-122.200829,47.614752,1
-122.200751,47.614649,1
-122.437656,47.251655,1
-124.170682,47.042642,1
-122.704219,45.643429,1
-122.155601,47.754851,1
-122.008911,47.545075,1
-122.232002,47.471546,1
-122.233381,47.474427,1
-122.636916,47.746624,1
-122.3025,47.798901,1
-123.813485,46.976679,1
-122.183491,48.212441,1
-122.338681,48.509743,1
-122.977392,46.729872,1
-120.54162,46.976918,1
-119.162687,46.198035,1
-122.271389,47.846714,1
-118.368328,47.116294,1
-123.074581,48.071064,1
-122.663762,45.721613,1
-120.656055,47.598476,1
-122.539,47.10579,1
-123.86338,47.96937,1
-123.86338,47.96937,1
-120.47913,46.677586,1
-119.124215,46.242178,1
-117.401929,47.768906,1
-122.341536,47.6289,1
-121.089984,47.746319,1
-121.090001,47.746482,1
-124.196082,47.195359,1
-124.216904,47.24044,1
-117.425573,47.700624,1
-122.708397,45.852337,1
-122.352371,47.619056,1
-122.345872,47.623424,1
-122.13822,47.320954,1
-122.039955,47.548081,1
-122.32426,47.661582,1
-122.047455,47.55493,1
-120.186033,48.479357,1
-123.0123,46.798453,1
-122.158644,47.582336,1
-122.237206,47.588122,1
-117.904797,48.543915,1
-122.343984,47.616992,1
-122.204976,47.474537,1
-122.935179,46.132245,1
-120.481583,46.604239,1
-120.336918,47.467463,1
-122.184142,48.214249,1
-121.937189,46.751382,1
-122.193492,47.617601,1
-122.193618,47.611844,1
-122.197702,47.612345,1
-122.189582,47.607592,1
-122.496675,48.754197,1
-122.484001,48.783141,1
-122.48746,48.788325,1
-119.4514867,46.2960713,1
-122.774447,48.990486,1
-121.821066,45.729538,1
-123.384133,46.202588,1
-120.098099,47.842476,1
-121.019499,47.207984,1
-122.296834,47.400629,1
-122.301009,47.313799,1
-124.544249,47.914774,1
-122.534798,48.010539,1
-122.579191,47.305772,1
-122.5853265,47.3183909,1
-122.057823,47.550984,1
-119.286497,46.213187,1
-119.189427,46.178019,1
-122.4061314,48.0396068,1
-122.410772,48.041105,1
-120.653187,47.767473,1
-120.680327,47.551769,1
-120.156959,47.884887,1
-120.132386,47.896557,1
-124.217215,47.240392,1
-119.251036,47.10335,1
-122.508967,46.545331,1
-124.662924,48.340723,1
-124.6593683,48.3334791,1
-122.882327,47.03909,1
-122.912415,47.027278,1
-119.425912,48.987053,1
-119.116144,46.250235,1
-123.477119,48.101579,1
-123.2683981,48.1149208,1
-123.255357,48.116414,1
-117.166626,46.715837,1
-122.2931,47.17669,1
-119.996204,47.098792,1
-122.122192,47.671225,1
-119.273452,46.281294,1
-119.269167,46.271849,1
-122.341261,47.610335,1
-122.3361893,47.6049041,1
-122.335179,47.610166,1
-122.334168,47.612347,1
-122.2876227,47.4373126,1
-122.347258,47.610845,1
-122.324913,47.661523,1
-122.333913,47.622544,1
-122.334072,47.608043,1
-122.315415,47.661869,1
-122.346886,47.625675,1
-122.344596,47.625378,1
-122.336357,47.614141,1
-122.3149606,47.6270468,1
-122.339418,47.607651,1
-124.0550737,46.3348553,1
-123.168319,48.06217,1
-123.153648,48.149618,1
-121.841773,47.51865,1
-117.424414,47.656578,1
-117.423487,47.656306,1
-117.412422,47.663559,1
-117.477532,47.63666,1
-117.414533,47.66075,1
-117.417273,47.659917,1
-117.423946,47.657247,1
-117.537533,47.642631,1
-117.201827,47.673676,1
-121.9052444,45.6856217,1
-122.427213,47.23853,1
-123.0676404,47.3471843,1
-122.591975,45.653804,1
-118.2782343,46.0890194,1
-122.141347,47.734002,1
-118.227154,46.088478,1
-118.38607,46.016223,1
-118.3408991,46.0679132,1
-118.271808,46.092016,1
-120.376514,47.476001,1
-124.108594,46.859479,1
-120.25638,48.477487,1
-122.147196,47.732864,1
-120.494574,46.604039,1
-117.110447,47.667043,1
-120.902714,47.189262,1
-122.581873,45.657705,1
-122.192294,47.614293,1
-122.17137,47.578255,1
-122.171273,47.578784,1
-122.339032,47.625077,1
-117.503088,47.614336,1
-122.127167,47.674374,1
-122.438741,47.145098,1
-122.438862,47.145084,1
-117.538616,47.630363,1
-122.469392,48.738079,1
-122.1966,47.6123,1
-122.332945,47.589593,1
-121.79356,47.49129,1
-122.66091,45.68739,1
-122.674995,48.343208,1
-122.712,47.658,1
-122.712,47.658,1
-122.712,47.658,1
-122.712,47.658,1
-122.712,47.658,1
-122.712,47.658,1
-122.712,47.658,1
-122.712,47.658,1
-122.712,47.658,1
-122.646326,47.563229,1
-122.646465,47.563313,1
-122.646362,47.563266,1
-122.646238,47.56327,1
-122.6957,48.0553,1
-122.221138,47.993164,1
-122.214104,47.992104,1
-157.9382,21.3563,1
-122.624811,47.70224,1
-120.503347,46.603762,1
-122.316279,48.443205,1
-121.976585,47.862572,1
-117.99763,46.31017,1
-122.333133,47.609629,1
-122.251628,47.457152,1
-122.151217,47.769459,1
-122.201029,47.616294,1
-122.325845,47.635213,1
-122.325866,47.635119,1
-122.20129,47.618421,1
-117.565574,47.590129,1
-122.205532,47.615943,1
-122.205533,47.615991,1
-122.34476,48.44174,1
-123.850735,47.465555,1
-122.1993,47.49729,1
-122.5895254,48.8529235,1
-122.135431,47.579872,1
-122.26733,47.83199,1
-122.567993,47.115829,1
-122.77201,47.05966,1
-122.21277,47.444636,1
-122.212781,47.444881,1
-122.10773,47.36029,1
-122.1869,48.09546,1
-122.90126,46.13988,1
-122.48025,47.23947,1
-120.47924,46.60252,1
-122.5847915,45.6573855,1
-122.5835005,45.658859,1
-122.39677,47.24293,1
-122.28065,47.155357,1
-122.28066,47.155403,1
-122.504023,47.153199,1
-122.500484,45.609302,1
-122.314119,47.678055,1
-117.4063,47.668051,1
-117.40049,47.663105,1
-122.21331,47.91349,1
-118.36271,47.11948,1
-122.47814,45.61776,1
-122.233277,47.585782,1
-122.938283,47.0420215,1
-122.934577,47.042821,1
-122.9364625,47.042561,1
-122.25938,47.460023,1
-122.1704435,47.5786615,1
-122.321407,47.622517,1
-122.3697155,47.662307,1
-122.317165,47.6825805,1
-122.3430745,47.7018765,1
-122.0341465,47.6141025,1
-122.03388,47.5831155,1
-122.017239,47.543796,1
-122.692128,47.6569805,1
-122.6887895,47.658828,1
-122.33408,47.617016,1
-122.10064,47.99823,1
-120.317166,47.4175735,1
-122.32489,47.70846,1
-122.25738,47.45571,1
-122.453156,47.24889,1
-122.05203,47.54187,1
-122.191787,47.618696,1
-122.335481,47.622575,1
-122.233237,47.585809,1
-122.178134,47.611815,1
-122.178704,47.612834,1
-117.176698,47.670893,1
-117.535903,47.629619,1
-121.97318,47.86516,1
-122.611842,48.508154,1
-122.6159562,48.5006578,1
-122.1205486,47.8045651,1
-122.246153,47.848697,1
-122.181535,47.776781,1
-122.3758246,47.8124532,1
-122.3813841,47.8051107,1
-122.0991426,47.6665847,1
-118.3306351,46.0705799,1
-122.3179225,47.7084377,1
-122.1537017,47.6165569,1
-122.0205442,47.5365604,1
-122.0220539,47.536237,1
-122.1564536,47.5806355,1
-122.3847489,47.6699634,1
-122.334684,47.6233435,1
-122.3354501,47.6211672,1
-122.3322181,47.6170248,1
-122.3324879,47.6164918,1
-122.33892002021,47.618090056138,1
-122.3350555,47.6156458,1
-122.3350555,47.6156458,1
-122.3196562,47.6078691,1
-122.359573,47.619075,1
-122.3360929,47.6072826,1
-122.3418441,47.6091582,1
-122.336716,47.6060061,1
-122.3339101,47.6034418,1
-122.328595,47.5975078,1
-122.3309701,47.5980919,1
-122.3358112,47.5892477,1
-122.1642138,47.4884945,1
-122.20054897354,47.24745538956,1
-122.50341835087,47.298158744057,1
-122.4407988,47.2515929,1
-122.5366188,47.2136054,1
-122.6260623,47.093942,1
-122.6682861,47.0002897,1
-124.060608,46.3455914,1
-122.48124,48.727512,1
-117.169086,46.730066,1
-122.20601,47.80743,1
-122.332078,47.610024,1
-122.44818772393,47.253443770016,1
-122.1969419,47.6188924,1
-122.328404,47.571333,1
-122.300245,47.663902,1
-122.248532,47.29799,1
-121.716442,47.468033,1
-122.913101,47.028924,1
-122.195543,47.61479,1
-122.4555,48.240444,1
-122.331887,47.610142,1
-120.4206332,46.495156,1
-118.310165,46.014123,1
-122.61215,48.51854,1
-118.3302973,46.0684299,1
-118.410638,46.022244,1
-122.220257,47.3205725,1
-122.2129365,47.293522,1
-122.266719,47.8312655,1
-122.2839105,47.8219955,1
-122.34536,47.619143,1
-122.289884696,47.682637521,1
-122.2937315,47.905435,1
-122.1119915,47.358443,1
-122.3466375,47.470554,1
-122.302009,47.343188,1
-122.381656,47.2971285,1
-122.2856685,47.474492,1
-122.3577595,47.623603,1
-117.56193,47.591,1
-122.194719,47.711826,1
-122.45897,47.448013,1
-122.146188,47.616737,1
-124.39440425424,47.946567294707,1
-119.310208,47.103514,1
-122.259123333,47.459966333,1
-122.2711475,47.828949,1
-122.27003975,47.83112125,1
-122.275288,47.828184,1
-122.7015315,45.814726,1
-122.40486107918,47.680804938616,1
-122.208024,47.954737,1
-122.667679,48.937845,1
-122.894963,47.035837,1
-118.3568298,46.0459904,1
-122.19342,47.61903,1
-122.122649,47.618278,1
-122.663366,45.62946,1
-122.22253,47.330144,1
-122.902502,47.050914,1
-122.895096,47.035839,1
-122.663442,45.630036,1
-122.5332135,45.6178815,1
-122.935249,46.952938,1
-122.583536,45.659583,1
-122.920589,47.02759,1
-124.385236,47.942921,1
-122.23618,47.3833,1
-122.3386584,47.6241877,1
-122.3386584,47.6241877,1
-122.3394194,47.6228746,1
-122.3241159,47.6039634,1
-122.3241159,47.6039634,1
-117.561399,47.642531,1
-117.681838,47.571612,1
-122.345283,47.612154,1
-122.122606,47.618255,1
-122.294248,47.81013,1
-122.295343,47.8107,1
-119.78951,46.219996,1
-119.281584,47.12852,1
-122.584772,47.318046,1
-122.624526,47.563883,1
-122.610743,48.517768,1
-122.898533,46.143261,1
-122.193235,47.611456,1
-122.187281,47.599757,1
-122.312344,47.756896,1
-122.59341,45.64992,1
-117.905583,48.545492,1
-122.899229,47.038242,1
-122.548468,47.605226,1
-122.627002,47.602992,1
-117.353857,47.786952,1
-120.32983635714724,47.39664792360551,1
-120.312078,47.427475,1
-120.323007,47.431945,1
-120.322963,47.432978,1
-120.322576,47.406469,1
-120.323973,47.407649,1
-122.32028,47.616001,1
-118.36136,46.011032,1
-122.191482,47.767687,1
-118.34231,46.062597,1
-122.109156,47.938312,1
-122.75184,48.995255,1
-122.324733,47.605888,1
-122.206519,47.65753,1
-122.206519,47.65753,1
-122.205254,47.655327,1
-122.29395,47.431736,1
-122.302389,47.648934,1
-122.310852,47.650072,1
-122.313915,47.653047,1
-122.311626,47.656832,1
-122.309214,47.658987,1
-122.309086,47.660311,1
-122.315595,47.660696,1
-122.29331,47.184778,1
-122.76289,47.067908,1
-122.331858,47.60578,1
-122.294966,47.45061,1
-120.270721,46.405066,1
-117.426269,47.675571,1
-122.148517,47.584536,1
-122.148459,47.584556,1
-122.185136,47.612677,1
-122.185158,47.612661,1
-122.303923,47.536812,1
-117.22993,47.68768,1
-122.393376,47.523218,1
-122.395735,47.523056,1
-122.24099,47.460005,1
-122.196569,47.643471,1
-122.195913,47.643584,1
-122.256,47.8935,1
-120.672887,47.589123,1
-120.67331,47.588981,1
-120.541869,46.976691,1
-119.553158,47.31711,1
-120.070865,47.649002,1
-120.659917,47.595741,1
-120.644466,47.597602,1
-120.64403,47.595939,1
-122.2014,47.9749,1
-122.015713,47.545719,1
-122.018499,47.545785,1
-122.2455995,47.29766425,1
-122.2425395,47.2994605,1
-122.19608,47.41504,1
-122.29889,47.410095,1
-122.33208,47.606202,1
-122.332135,47.606184,1
-122.825899,47.042017,1
-122.34279,47.622505,1
-119.282117,46.259655,1
-122.124795,47.838905,1
-122.184446,47.612419,1
-122.5062726,47.2469268,1
-122.381761,47.56223,1
-120.903139,47.188833,1
-122.157877,47.752026,1
-122.838595,47.042589,1
-118.861158,46.659028,1
-122.10457,47.67179,1
-117.43163,47.65593,1
-122.488347,48.78545,1
-122.2060665,47.809974,1
-122.5123,48.78928,1
-122.19734,47.61176,1
-122.630556,47.600278,1
-122.499375,47.227967,1
-122.440056,47.24716,1
-122.4337,47.25953,1
-122.833946,47.042158,1
-122.283875,47.863705,1
-122.205635,47.8973,1
-122.257002,47.184725,1
-122.4388,47.247578,1
-120.015553,46.3227794,1
-122.1217694,47.6804551,1
-118.370851,46.067886,1
-117.249314,47.677124,1
-122.2620127,47.9074843,1
-123.197171,47.254252,1
-122.268338,47.833778,1
-122.256343,47.424157,1
-122.225391,47.318711,1
-122.337495,47.606601,1
-122.312805,47.75472,1
-122.29757,47.15598,1
-122.15115,47.75422,1
-120.54343,46.9789,1
-122.068649,47.550487,1
-122.27056,47.52317,1
-122.37504,47.662554,1
-122.337363,47.606659,1
-120.206922,47.684802,1
-123.153777,48.607282,1
-123.168265,48.569915,1
-123.026405,48.524715,1
-122.341794,48.439781,1
-122.329766,48.451871,1
-122.312699,48.436733,1
-122.464329,48.763595,1
-122.531874,48.795524,1
-117.98068,46.320465,1
-117.174581,46.729875,1
-117.043496,48.1817654,1
-122.443265,48.772296,1
-122.27222,47.485346,1
-122.147041,47.734159,1
-122.145328,47.568834,1
-122.298724,47.423345,1
-122.19692,47.6161,1
-122.19689,47.616143,1
-122.196775,47.616057,1
-122.196829,47.616072,1
-122.196893,47.616101,1
-122.19401,47.614334,1
-122.194097,47.614305,1
-122.334809,48.417923,1
-122.190801,47.75772,1
-122.246867,47.902753,1
-122.195919,47.619855,1
-122.212511,47.443161,1
-122.484299,47.228592,1
-122.212479,47.443215,1
-122.186391,47.612051,1
-122.437484,47.252059,1
-122.206542,47.613224,1
-122.342153,47.622329,1
-122.806456,47.047742,1
-122.326337,47.609553,1
-122.326457,47.609501,1
-122.136671,47.635651,1
-122.209831,47.577105,1
-122.209822,47.577174,1
-122.47958,48.750815,1
-122.322151,47.61008,1
-122.342786,47.616729,1
-122.342611,47.616629,1
-122.342746,47.616703,1
-122.342813,47.616701,1
-122.342772,47.616676,1
-122.342771,47.616608,1
-122.34273,47.616642,1
-122.3428,47.616646,1
-122.342801,47.61659,1
-122.342651,47.616588,1
-122.342701,47.616537,1
-122.342831,47.616616,1
-122.342837,47.616679,1
-122.34286,47.616655,1
-122.019501,47.545335,1
-122.333012,47.608601,1
-122.203004,47.616939,1
-122.202993,47.616865,1
-122.203004,47.61677,1
-122.200748,47.614098,1
-122.200531,47.614394,1
-122.200654,47.614456,1
-122.20117,47.614157,1
-122.214496,47.444685,1
-122.298719,47.423292,1
-122.338631,47.469241,1
-122.331002,47.598754,1
-122.330972,47.598758,1
-122.330929,47.59856,1
-122.331009,47.59855,1
-122.330941,47.598665,1
-122.036305,47.601564,1
-122.036718,47.601615,1
-122.036303,47.60161,1
-122.191872,47.761846,1
-122.335262,47.60803,1
-122.19073,47.757748,1
-122.200807,47.614517,1
-122.200871,47.614302,1
-122.201099,47.614315,1
-124.170718,47.042614,1
-122.233397,47.474453,1
-122.341407,47.628886,1
-122.352384,47.619059,1
-122.345818,47.623464,1
-122.047456,47.554889,1
-122.343611,47.616928,1
-122.155871,47.627472,1
-122.438886,47.145087,1
-117.538566,47.630319,1
-117.538666,47.630409,1
-122.332938,47.589652,1
-122.332999,47.589803,1
-122.332937,47.589701,1
-122.316904,48.44309,1
-122.316511,48.443125,1
-122.201035,47.616363,1
-122.201111,47.616372,1
-122.201146,47.616416,1
-122.325799,47.635115,1
-122.201301,47.618331,1
-122.20553,47.615923,1
-122.205532,47.616107,1
-122.21277,47.444763,1
-122.28066,47.15545,1
-122.280655,47.155304,1
-122.28065,47.155502,1
-122.334045,47.616886,1
-122.33399,47.616932,1
-122.45322,47.248875,1
-122.453094,47.248898,1
-122.191821,47.61868,1
-122.191761,47.618669,1
-122.48128,48.72757,1
-122.300272,47.66392,1
-122.300224,47.663931,1
-122.300285,47.663935,1
-122.300272,47.663975,1
-122.195468,47.614756,1
-122.208368,47.954665,1
-122.208344,47.954679,1
-122.207117,47.955032,1
-122.894786,47.035855,1
-122.894738,47.035858,1
-122.894632,47.035867,1
-122.894692,47.035865,1
-122.8949,47.035846,1
-122.663319,45.629438,1
-122.895035,47.035841,1
-122.294123,47.810153,1
-122.294266,47.810176,1
-122.294145,47.810125,1
-122.187136,47.599721,1
-122.901166,47.035325,1
-122.108766,47.938226,1
-122.29393,47.43163,1
-120.270737,46.405006,1
-122.148539,47.584483,1
-122.185139,47.612704,1
-122.18514,47.612706,1
-122.185049,47.613355,1
-122.393365,47.523232,1
-122.240989,47.460055,1
-122.196571,47.643474,1
-122.195911,47.643579,1
-122.195909,47.643585,1
-122.018483,47.545783,1
-122.018474,47.54578,1
-122.018479,47.545787,1
-122.3321,47.606191,1
-122.332106,47.606129,1
-122.332083,47.606171,1
-122.332055,47.606211,1
-122.332135,47.606119,1
-122.332163,47.60614,1
-122.332065,47.606148,1
-122.332037,47.606155,1
-122.332195,47.606126,1
-122.33206,47.606182,1
-122.332163,47.606111,1
-122.332173,47.606162,1
-122.332134,47.606153,1
-122.157917,47.752007,1
-122.499407,47.228029,1
-122.43998,47.247112,1
-122.433611,47.259555,1
-122.433772,47.259505,1
-122.438,47.247723,1
-122.709076,45.85314,1
-122.70891,45.853153,1
-122.70916,45.853123,1
-122.70874,45.8533,1
-122.709045,45.85321,1
-122.709,45.853115,1
-122.708916,45.853092,1
-122.708196,45.850762,1
-122.70878,45.853176,1
-122.70895,45.853138,1
-122.29492,47.844271,1
-122.068955,47.55054,1
-122.068641,47.550508,1
-122.103812,47.67511,1
-122.104091,47.67505,1
-122.497721,45.616174,1
-122.497689,45.61618,1
-122.181315,48.1017,1
-122.83436,47.042275,1
-122.834239,47.042259,1
-122.249479,47.46639,1
-122.248888,47.466305,1
-122.564307,47.177257,1
-122.325721,47.635108,1
-122.261384,47.847481,1
-122.92909,47.03286,1
-122.339032,47.625256,1
-119.2752,46.28042,1
-119.276458,46.349989,1
-119.277892,46.347582,1
-119.277892,46.347582,1
-119.277892,46.347582,1
-119.277892,46.347582,1
-119.277892,46.347582,1
-119.277892,46.347582,1
-119.277892,46.347582,1
-119.275448,46.34637,1
-119.275448,46.34637,1
-119.283139,46.351004,1
-119.283139,46.351004,1
-119.283199,46.351004,1
-119.283199,46.351004,1
-119.283199,46.351004,1
-122.628517,47.560795,1
-122.631837,47.563038,1
-122.647057,47.563419,1
-122.305105,47.409788,1
-122.901763,47.041738,1
-119.283139,46.351004,1
-122.28741,47.63197,1
-122.332012,47.609095,1
-122.674942,48.343166,1
-119.276827,46.321933,1
-119.283139,46.351004,1
-119.283199,46.351004,1
-119.283199,46.351004,1
-119.283199,46.351004,1
-122.667352,45.624407,1
-122.335458,47.604596,1
-119.281309,46.345176,1
-122.301442,47.422071,1
-122.632873,47.563848,1
-122.650764,47.559929,1
-122.695343,48.054272,1
-119.277892,46.347582,1
-119.277892,46.347582,1
-119.277892,46.347582,1
-119.277892,46.347582,1
-119.277892,46.347582,1
-119.277892,46.347582,1
-119.277892,46.347582,1
-119.277892,46.347582,1
-119.275448,46.34637,1
-119.275448,46.34637,1
-122.745697,47.720932,1
-122.745644,47.720882,1
-122.745094,47.720844,1
-122.74578,47.7209,1
-122.667377,45.625045,1
-122.74543,47.720879,1
-119.299244,46.270346,1
-119.278,46.345657,1
-119.275874,46.352234,1
-119.271417,46.34923,1
-122.624811,47.70224,1
-119.277892,46.347582,1
-119.277892,46.347582,1
-119.280303,46.344837,1
-119.280303,46.344837,1
-119.277892,46.347582,1
-119.277892,46.347582,1
-119.280772,46.347175,1
-119.280772,46.347175,1
-122.20062,47.61332,1
-122.3767497,47.6906401,1
-122.30889,47.29149,1
-122.254496,47.449352,1
-122.6737546,47.65654521,1
-122.215076,47.4799835,1
-122.203970833,47.501865833,1
-122.174022,47.678688,1
-122.2474,47.758855,1
-122.608116,48.51004,1
-122.608185,48.510044,1
-120.601588,46.589108,1
-122.143971,47.653125,1
-123.160611,47.337269,1
-121.407058,47.401691,1
-120.60055,46.588986,1
-122.176042,47.622158,1
-122.175417,47.622172,1
-122.175997,47.621787,1
-122.175868,47.621722,1
-122.17589,47.621671,1
-122.175836,47.621852,1
-122.175943,47.621751,1
-122.175804,47.621758,1
-122.176008,47.621743,1
-122.176,47.62216,1
-122.175922,47.621837,1
-122.175897,47.622008,1
-122.175707,47.62183,1
-122.175959,47.621748,1
-122.176008,47.621685,1
-122.175977,47.621826,1
-122.176051,47.621808,1
-122.175954,47.621657,1
-122.175811,47.622044,1
-122.175807,47.62211,1
-122.176015,47.621921,1
-122.175942,47.621942,1
-122.294874,47.843755,1
-122.19086,47.71142,1
-122.202181,47.611048,1
-122.327778,47.706589,1
-120.491932,46.609653,1
-122.976675,47.071917,1
-122.109075,47.938215,1
-122.36613,47.791134,1
-122.175908,47.621784,1
-122.31487,47.314888,1
-122.212785,47.444946,1
-122.290565,47.80738,1
-122.1708235,47.5758255,1
-122.2275765,47.2727635,1
-122.31477,47.61388,1
-122.6760529,47.6583744,1
-122.31902,47.662815,1
-122.330658,47.620214,1
-122.540695,47.811105,1
-122.27274,47.43361,1
-122.455243,48.942575,1
-122.24911,47.29771,1
-122.200772,47.614345,1
-122.32099,47.63173,1
-117.980222,46.320333,1
-122.182197,47.611519,1
-122.178134,47.611815,1
-122.3749615,47.6683535,1
-123.36134,48.10993,1
-121.461813,45.714228,1
-122.203117,47.676045,1
-122.207383,47.675556,1
-122.203012,47.675896,1
-122.2075,47.675365,1
-122.206806,47.678476,1
-122.320931,47.613498,1
-122.353765,47.670285,1
-122.353696,47.670287,1
-122.353627,47.670292,1
-122.35829,47.62482,1
-122.976491,46.711331,1
-122.976524,46.711291,1
-122.065442,48.014624,1
-122.180651,47.499129,1
-122.6573597,47.7651883,1
-123.80708,46.97642,1
-122.461854,48.74393,1
-122.06573,47.53129,1
-120.64588,47.59736,1
-122.229972,47.3064421,1
-122.142289,47.465678,1
-122.201162,47.97331,1
-122.517619,47.171582,1
-122.32972,47.60521,1
-122.349,47.62606,1
-122.1914014,47.9990269,1
-122.340257,47.616243,1
-122.338336,47.615052,1
-122.338444,47.614986,1
-122.338778,47.61554,1
-122.338454,47.615059,1
-122.338834,47.615399,1
-122.338786,47.615489,1
-122.340184,47.616253,1
-122.340184,47.616246,1
-122.340205,47.616231,1
-122.340052,47.616129,1
-122.340227,47.616224,1
-122.336584,47.623336,1
-122.336589,47.62334,1
-122.336648,47.623333,1
-122.336677,47.623327,1
-122.335352,47.623442,1
-122.335474,47.623537,1
-122.336355,47.622775,1
-122.336346,47.622775,1
-122.3365,47.623027,1
-122.336611,47.623014,1
-122.336402,47.621746,1
-122.33637,47.621821,1
-122.336423,47.621851,1
-122.33622,47.620496,1
-122.336253,47.620275,1
-122.336265,47.620392,1
-122.336259,47.620267,1
-122.336252,47.62036,1
-122.337695,47.623967,1
-122.338877,47.61664,1
-122.338963,47.61669,1
-122.339024,47.616677,1
-122.339013,47.616684,1
-122.338931,47.616676,1
-122.338985,47.61669,1
-122.33897,47.616684,1
-122.33907,47.616712,1
-122.338942,47.616632,1
-122.338888,47.616654,1
-122.340955,47.61751,1
-122.341014,47.617453,1
-122.34093,47.61751,1
-122.340928,47.617528,1
-122.340993,47.617473,1
-122.340974,47.617495,1
-122.341037,47.617429,1
-122.340534,47.617264,1
-122.340505,47.617287,1
-122.340479,47.617307,1
-122.340588,47.617228,1
-122.196731,47.613364,1
-122.196796,47.613372,1
-122.196839,47.613343,1
-122.196667,47.613386,1
-122.196721,47.613372,1
-122.19671,47.613386,1
-122.196817,47.61335,1
-122.19671,47.613401,1
-122.196882,47.613357,1
-122.196774,47.613364,1
-122.196624,47.613357,1
-122.196753,47.613343,1
-122.196699,47.613343,1
-122.196955,47.613415,1
-122.346874,47.618918,1
-122.346886,47.619488,1
-122.193886,47.75969,1
-122.1939,47.759644,1
-122.19387,47.75966,1
-122.193886,47.759647,1
-122.19386,47.75966,1
-122.19391,47.75964,1
-122.897324,47.037347,1
-122.62941,47.50453,1
-122.193902,47.759598,1
-122.186139,47.621194,1
-122.299236,47.185296,1
-122.535112,45.631806,1
-122.536477,45.633264,1
-122.611788,48.5126865,1
-122.569902338,47.713073982,1
-122.478347,48.747824,1
-122.2961501,47.43001676,1
-122.4396442,47.2464713,1
-122.3062009,47.9487555,1
-122.3748742,47.8105149,1
-122.15378520000002,47.70340520000001,1
-123.09749698672,48.079887824216,1
-122.26211,47.381517,1
-121.8237,47.527683,1
-121.873105,47.532721,1
-121.82621,47.52717,1
-124.0206708,46.7250165,1
-122.2146431,48.0000028,1
-118.1532507,46.2707488,1
-122.6152529,48.5012896,1
-122.150315,47.688818,1
-122.1969022,47.618317,1
-122.2021671,47.6110064,1
-122.153989,47.582405,1
-122.3313731,47.6171782,1
-122.35931820000002,47.6246042,1
-122.3314401402,47.611378281765,1
-122.6294686,47.5944743,1
-122.516582,47.281263,1
-122.762767,47.056479,1
-122.8280101,47.0001351,1
-124.3715566,47.6055171,1
-122.1601307,47.7088267,1
-122.4469825,47.2535492,1
-123.3841695,46.2025755,1
-122.4917385,45.6183882,1
-122.3016909,47.8142359,1
-122.2340887,47.5866676,1
-122.3241094,47.6091997,1
-122.3351902,47.5987016,1
-122.6676833,45.6304919,1
-122.4757978,45.6040109,1
-118.3869759,46.0427838,1
-122.1915562,47.6177789,1
-122.38276327302,47.65588110993,1
-122.3418983,47.6283848,1
-122.3394194,47.6228746,1
-122.3347174,47.5974244,1
-122.2116571,47.7953945,1
-122.3330877,47.6163395,1
-122.3329014,47.6035183,1
-122.3357333,47.581142,1
-122.334149,48.454081,1
-122.17922,48.09885,1
-122.3467506,47.618848,1
-122.3378981,47.6044756,1
-122.3764102,47.5454638,1
-122.46755358955,47.228303734615,1
-122.50409,45.613275,1
-124.544494766543,47.9148059463057,1
-122.845311463165,46.0039829278164,1
-122.8474706,47.0027896,1
-117.402327,47.669317,1
-122.424971,47.30283,1
-118.968139,47.969278,1
-121.448148,48.53841,1
-121.264849,48.666724,1
-121.264849,48.666724,1
-119.278077,47.130142,1
-122.227559,48.510997,1
-118.278785,46.089925,1
-120.85306,46.339724,1
-122.1629554,47.7534858,1
-122.3448427,47.7592911,1
-122.593947986,46.934055045,1
-122.8976885,47.018706,1
-122.294424858,47.135190354,1
-122.333582969284,48.3990120273125,1
-122.525453,45.618949,1
-122.2061313,48.00101,1
-122.451572702,47.222542058,1
-122.488110764,47.269919942,1
-122.514344349,47.272625257,1
-122.09600399,47.926042415,1
-124.151851571593,47.8176852900045,1
-124.660029250436,48.3331786074504,1
-122.14057,47.793213,1
-122.140579,47.793168,1
-122.140577,47.793094,1
-122.140598,47.793124,1
-122.128859,47.673795,1
-122.128893,47.673824,1
-122.353711,47.621409,1
-122.353622,47.621311,1
-122.353652,47.621313,1
-122.353638,47.621413,1
-122.353648,47.621376,1
-122.353676,47.621411,1
-122.353589,47.621312,1
-122.353675,47.621377,1
-122.353708,47.621377,1
-122.353679,47.621309,1
-122.35362,47.621378,1
-122.424934,47.302692,1
-122.29641,47.66149,1
-122.33941,47.467371,1
-122.175961,47.621055,1
-122.176009,47.62119,1
-122.175985,47.62118,1
-122.176023,47.621179,1
-122.175976,47.621169,1
-122.175927,47.620982,1
-122.175829,47.620905,1
-119.895401,47.238641,1
-119.895745,47.238277,1
-122.33319,47.614104,1
-122.333147,47.614112,1
-122.335205,47.606279,1
-122.471468,45.606403,1
-122.5242,47.252148,1
-122.35681,47.691832,1
-122.356266,47.69158,1
-122.58017,47.3067,1
-122.1623907,47.7096188,1
-122.36947,47.6594,1
-122.224102,47.474171,1
-122.324583,47.634438,1
-122.093326,47.331977,1
-122.82386,46.99476,1
-122.1970996,47.6133892,1
-122.826865,47.451373,1
-121.836634,47.542153,1
-122.488855883,48.78505083,1
-117.539743,47.62497,1
-117.53991,47.625057,1
-122.492374,48.791491,1
-119.99395804467,46.323285894252,1
-117.539808,47.624986,1
-117.539665,47.625019,1
-117.539598,47.625059,1
-117.539864,47.625024,1
-122.294677,47.238487,1
-122.499508,47.242541,1
-122.708784,45.852238,1
-122.708312,45.852356,1
-122.708365,45.852508,1
-122.194125,47.613972,1
-122.194071,47.613973,1
-122.311661,47.787897,1
-122.31192,47.787867,1
-122.489257,47.198314,1
-122.48233,47.282993,1
-122.136777,47.584289,1
-122.145315,47.166509,1
-121.979695,47.19854,1
-122.33285,47.605192,1
-122.33301,47.602544,1
-122.332883,47.602553,1
-122.663203,45.629395,1
-122.663273,45.629428,1
-120.25756,46.97901,1
-122.8451,47.04451,1
-122.065336,47.547088,1
-122.845142,47.044497,1
-122.025976837,47.645190854,1
-122.54224225,47.8444,1
-122.630222,47.6207775,1
-122.1554235,47.4418203,1
-121.967706,47.859687,1
-122.358682,47.1558165,1
-122.324221,47.593975,1
-122.333907,47.618226,1
-122.33392,47.61823,1
-122.33391,47.618233,1
-122.334017,47.618223,1
-122.333948,47.618246,1
-122.33389,47.618237,1
-122.33387,47.618244,1
-122.333855,47.61824,1
-122.17214269969,47.7108371216806,1
-122.822238546,46.997451997,1
-119.309695,46.26024,1
-122.321702,47.707867,1
-122.175998,47.621188,1
-122.14277,47.63187,1
-122.136648,47.582147,1
-122.136594,47.582154,1
-123.4347265,48.1161725,1
-122.46208,47.26726,1
-122.66051,47.75648,1
-122.29212,47.72305,1
-122.249421,47.453215,1
-122.24899,47.453253,1
-122.329489,47.446823,1
-122.94200684,47.04583576,1
-122.3369445,48.437167,1
-122.291317,47.182613,1
-119.106522,46.229119,1
-122.173962,47.322103,1
-122.611203,48.518102,1
-122.611202,48.518179,1
-122.623391,45.639182,1
-122.62349,45.639139,1
-122.6620275,48.286317,1
-122.2071316,47.8789325,1
-122.3758246,47.8124532,1
-122.37709,47.8113372,1
-122.1186641,47.6733025,1
-122.17536,47.67881,1
-122.3878536,47.6743748,1
-122.4047949,47.6807529,1
-122.5148321,47.6357914,1
-122.199755,47.619761,1
-122.199793,47.619799,1
-122.199722,47.61977,1
-122.636288,47.737887216,1
-122.823114,47.4538545,1
-122.312283,47.3139055,1
-122.652109803,47.496601419,1
-122.409736,48.039928,1
-120.43099,46.448508,1
-120.430957,46.448538,1
-122.48795,48.73423,1
-122.902484,47.044728,1
-122.902484,47.044722,1
-122.829249413,47.049617639,1
-122.6101915,47.535286,1
-122.4876,47.231325,1
-122.616919,48.514381,1
-122.610748,48.517744,1
-123.446815,46.997349,1
-119.21101917564,46.216773190847,1
-118.22567,47.209058,1
-117.1130101,47.67381,1
-122.351925,47.546287,1
-122.205528,47.616037,1
-122.189401,48.052498,1
-122.189422,48.052641,1
-119.226637,46.230229,1
-122.652068,47.513098,1
-122.613612,48.507864,1
-122.179395431,47.877436435,1
-122.43424,47.2593,1
-122.32446,47.542318,1
-122.321726,47.70779,1
-122.321637,47.707814,1
-122.320888,47.706929,1
-122.320856,47.706948,1
-122.351988,47.546291,1
-122.552103,47.180071,1
-122.1815615,48.151766,1
-122.295091,47.199421,1
-119.118868,46.225504,1
-120.542576,46.977979,1
-122.484155,47.228587,1
-122.483871,47.228591,1
-122.483943,47.228591,1
-122.4367763,47.2423503,1
-122.466744,47.274639,1
-122.484226,47.228593,1
-122.484083,47.228587,1
-122.484015,47.228591,1
-122.22995,47.46655,1
-122.19942,47.676223,1
-122.199363,47.676179,1
-122.27515344,47.830769108,1
-122.0334614,47.6169094,1
-117.412094,47.71535,1
-122.303963,47.616915,1
-122.481071,48.745308,1
-117.1812368,47.670337,1
-122.466743,47.274538,1
-122.773312,47.069827,1
-120.823346,45.821511,1
-122.290084,47.816836,1
-122.484377,47.228589,1
-120.822781,45.821535,1
-122.250898,47.759665,1
-122.5060156,48.7885917,1
-122.4851568,48.7391984,1
-122.1014074,47.9120626,1
-122.3735496,47.8101038,1
-122.293062,47.731273,1
-122.4766114,47.2551169,1
-122.324533,47.542276,1
-122.1665252,47.57865585,1
-122.1277345,48.1820905,1
-122.409949,47.234632,1
-122.443032,47.221823,1
-122.196978,47.614112,1
-117.112915,47.67109,1
-122.345789,47.623302,1
-122.345853,47.623345,1
-122.345984,47.623274,1
-122.345933,47.623307,1
-122.345917,47.623224,1
-122.3329233,47.5977415,1
-122.490724,48.391957,1
-122.112354,47.814648,1
-122.3198568,47.6206301,1
-122.091497,47.676062,1
-122.091413,47.676078,1
-122.091578,47.676051,1
-122.176025,47.482839,1
-122.175843,47.482565,1
-122.517389,47.161364,1
-122.517325,47.161377,1
-122.689582,48.219574,1
-122.241893,47.363983,1
-122.437121,47.242139,1
-122.2024273,47.6098443,1
-122.1438882,47.6280692,1
-122.2057967,47.6753316,1
-122.673345,45.627364,1
-122.673261,45.627361,1
-122.67312,45.627365,1
-117.978322,47.300047,1
-120.186565,48.47916,1
-122.58179668033,45.625546157476,1
-122.301971,47.357329,1
-122.2135,47.2999,1
-122.16869,47.356001,1
-122.357684,47.621304,1
-121.472889,46.938306,1
-122.33059,47.60523,1
-122.430340659049,47.2386767566705,1
-122.5292482,47.255696,1
-122.420899,47.2294673,1
-117.370158,47.23432,1
-122.197684,47.980493,1
-122.197643,47.980407,1
-122.206335298,47.494084378,1
-122.779991,48.10697,1
-122.44228,47.18093,1
-122.515766,47.298756,1
-122.689657,48.219576,1
-122.3291167,48.2325756,1
-122.4496292,47.2652015,1
-122.1564536,47.5806355,1
-122.2950909,47.4413275,1
-122.4141119,47.2478256,1
-122.5636326,45.661573,1
-122.572604,45.621549,1
-122.342908,47.609487,1
-122.332159,47.476251,1
-122.219758,47.931316,1
-122.35162200000002,47.614387,1
-122.823353,47.050128,1
-122.097803,47.662861,1
-122.857714,47.045574,1
-122.379886,45.578726,1
-119.219539,46.220623,1
-122.468095,47.274697,1
-122.3521142,47.6153062,1
-122.31738,47.6004833,1
-122.6336963,47.5732455,1
-122.9358643,46.1315296,1
-121.7867775,47.4956579,1
-122.229116,47.382882,1
-122.323427,47.605477,1
-117.407863,47.745333,1
-122.63931,47.744534,1
-122.639463,47.744532,1
-121.601383,48.251621,1
-120.677423,46.71653,1
-122.3698252,47.2439401,1
-122.173913,47.707366,1
-117.386224,47.672004,1
-122.584186,45.66201,1
-122.584106,45.662011,1
-122.435165,47.224977,1
-122.32952,47.62066,1
-122.4712397,48.7330226,1
-122.20461,47.49845,1
-122.644253,47.092582,1
-122.271361,47.820256,1
-122.320999,47.611261,1
-122.3383451,47.6183604,1
-122.47068,47.21543,1
-122.1897,48.09264,1
-118.365561,47.118605,1
-122.32519,47.7033,1
-122.11949,47.67137,1
-122.377668,47.63986,1
-122.299448,47.450258,1
-122.18436,47.618675,1
-122.455311,47.250837,1
-122.31601,47.70931,1
-122.363146,47.701359,1
-122.06528,47.546017,1
-122.209,47.7133,1
-122.600102,45.643374,1
-122.19971,47.619791,1
-122.199758,47.619784,1
-122.78202579,48.108127484,1
-122.3758674,47.6617217,1
-122.18104,47.25033,1
-122.485043,47.228157,1
-124.1980829153442,47.19404038977142,1
-122.3302094155016,47.56720941097377,1
-117.407065,47.709683,1
-117.476902,47.943721,1
-122.29516,47.444398,1
-117.905363,48.539715,1
-117.368054,47.657077,1
-117.374808,47.693653,1
-122.4343,47.208167,1
-122.201331,47.611826,1
-122.200839,47.972937,1
-122.977218,46.680072,1
-122.296815,47.101923,1
-122.19222,47.618104,1
-122.192221,47.618059,1
-122.192224,47.618012,1
-122.192223,47.617957,1
-122.192223,47.617904,1
-122.192221,47.617862,1
-122.192223,47.617821,1
-122.192224,47.617771,1
-122.339828,47.616076,1
-122.339836,47.616069,1
-122.339836,47.616081,1
-122.339797,47.616062,1
-122.339786,47.616069,1
-122.339818,47.616069,1
-122.339818,47.616026,1
-122.339882,47.616069,1
-122.339845,47.616062,1
-122.339829,47.616055,1
-122.33985,47.616055,1
-122.339854,47.616071,1
-122.33985,47.616083,1
-122.339821,47.616082,1
-122.338853,47.616259,1
-122.338863,47.616265,1
-122.338872,47.616277,1
-122.338848,47.616276,1
-122.338868,47.616271,1
-122.338861,47.61628,1
-122.339844,47.616076,1
-122.339824,47.61607,1
-122.338225,47.615307,1
-122.338234,47.615314,1
-122.338246,47.61532,1
-122.338215,47.615305,1
-122.338242,47.615303,1
-122.338245,47.615311,1
-122.338221,47.615297,1
-122.340786,47.616662,1
-122.340794,47.616653,1
-122.340804,47.616663,1
-122.340794,47.616663,1
-122.344832,47.778256,1
-122.179514,47.712309,1
-117.539657,47.625021,1
-117.539968,47.625087,1
-117.539796,47.625006,1
-117.539667,47.625021,1
-117.539831,47.625019,1
-117.539614,47.625122,1
-122.330869270063,47.5926384626354,1
-122.311841805333,47.5955737030563,1
-122.330085418863,47.6054544002366,1
-122.334346934116,47.610826048907,1
-122.342061617054,47.6492281351155,1
-122.319211227533,47.6548806651459,1
-122.305003488076,47.6560149395404,1
-122.293346008603,47.6619766883491,1
-122.89476,47.04506,1
-122.281001,48.89416,1
-122.201177,47.973294,1
-119.274740824072,46.2925976863444,1
-120.33262,46.375435,1
-117.103246,47.670514,1
-121.96881709403,48.081697184675,1
-121.968687709625,48.0812599680094,1
-122.487932,47.271112,1
-122.342054,47.625629,1
-122.342051,47.625821,1
-122.334883,47.5816,1
-122.334848,47.581601,1
-122.505152,48.72532,1
-122.4438042,47.2600301,1
-122.1962934,47.6184362,1
-122.072654,47.531503,1
-122.070337,47.530138,1
-122.070319,47.530096,1
-122.256023,47.455407,1
-122.3332564,47.615249,1
-121.79308,47.49132,1
-122.336815,47.604891,1
-122.74557,45.816957,1
-122.459858,48.754914,1
-118.273813752914,46.0781030999106,1
-118.281170868322,46.0805102792022,1
-120.603074,46.58914,1
-122.941863,46.107148,1
-122.178325,48.052642,1
-122.178452,48.052658,1
-117.182462,46.719919,1
-117.182416,46.71994,1
-117.181523,46.719669,1
-119.83392,47.103405,1
-123.155375,47.374141,1
-119.308371,46.324948,1
-122.330568,47.604817,1
-122.28809,47.512,1
-122.2884,47.511906,1
-122.29256,47.51099,1
-123.431968,48.114488,1
-123.431904,48.114455,1
-123.43206,48.114513,1
-122.74774,45.82999,1
-118.284392504903,46.0810314831552,1
-123.82138,46.9708,1
-123.820991,46.97114,1
-123.82099,46.97114,1
-123.82093,46.97117,1
-123.82092,46.97117,1
-122.334788,47.611198,1
-117.35623,47.673872,1
-122.6117,48.50598,1
-119.11724,46.25605,1
-118.35589,46.06881,1
-123.10355,47.12836,1
-122.601482,45.645638,1
-123.820993,46.97114,1
-122.184364,48.164038,1
-122.59692,45.647766,1
-122.596933,45.647721,1
-122.596928,45.647742,1
-117.20218,47.673595,1
-122.487681,48.78815,1
-122.2018,47.9752,1
-122.503621,48.777522,1
-122.477956,48.751046,1
-122.17886,47.62245,1
-122.227286,47.442974,1
-122.227276,47.442791,1
-122.227261,47.442789,1
-122.499368,48.713154,1
-117.412254,47.66367,1
-117.412254,47.66371,1
-122.976995,46.679769,1
-122.178896,47.622447,1
-122.178882,47.622458,1
-122.177542,47.622478,1
-122.177537,47.622506,1
-122.20464175,47.5015305,1
-122.203510417,47.50222425,1
-122.357127,47.0958375,1
-122.287468,47.563966,1
-122.281965,47.45568,1
-122.58338748,47.707803471,1
-122.3465598,47.7253287,1
-123.117292,48.080594,1
-122.6509065,45.7222565,1
-122.275226667,47.831167333,1
-122.2044995,47.501408833,1
-122.275145,47.830787,1
-122.17888,47.622476,1
-122.343842,48.451235,1
-122.178877,47.622443,1
-117.177179,46.72914,1
-122.178919,47.622449,1
-122.331809,47.615003,1
-122.331476,47.61488,1
-122.331583,47.614938,1
-122.331508,47.614938,1
-122.22728,47.910443,1
-122.22728,47.91042,1
-122.234444,47.3016,1
-122.6684897,45.6299198,1
-122.199528,47.418452,1
-122.202541,47.392052,1
-122.317529,47.648127,1
-117.482601,47.740406,1
-120.503355,46.603757,1
-122.225827,47.909318,1
-119.218547768196,46.2159449742615,1
-122.312753,48.436844,1
-122.439294,47.254591,1
-122.396176,47.275715,1
-122.462678,47.209605,1
-122.1767124,47.85919654,1
-122.582577,47.329972,1
-122.477684,48.715337,1
-122.67698,47.555928,1
-122.335526,47.318292,1
-122.33558,47.318336,1
-122.205254,47.655327,1
-122.292929,47.418161,1
-118.371025,46.037685,1
-120.537756,47.019158,1
-122.192456,47.617103,1
-122.190604,47.620163,1
-121.48508,45.72812,1
-122.206916,47.196706,1
-118.370917,46.03764,1
-122.348035,47.61928,1
-122.459056,48.759581,1
-122.356564,47.622256,1
-122.336021,47.620085,1
-122.356521,47.622256,1
-122.14192,47.582053,1
-120.50777013069076,46.60623617299185,1
-120.541453,46.584213,1
-120.541405,46.58407,1
-117.411732,47.736838,1
-122.200551,47.619687,1
-122.200532,47.619744,1
-122.20052,47.61974,1
-122.200523,47.619679,1
-122.200473,47.619715,1
-123.40325,48.10556,1
-117.17948,46.71111,1
-122.24461,47.4742,1
-122.195757,47.613392,1
-122.195727,47.613392,1
-122.19581,47.613391,1
-122.195787,47.613389,1
-122.195743,47.613391,1
-122.195775,47.61339,1
-122.195765,47.613392,1
-122.195822,47.613391,1
-122.195793,47.61339,1
-122.195782,47.613391,1
-122.103558,47.673966,1
-122.325741,45.563002,1
-122.325634,45.56304,1
-122.326084,45.562604,1
-122.325966,45.562567,1
-122.32558,45.56304,1
-122.52045,47.62624,1
-119.182453,46.272432,1
-122.325816,45.562907,1
-122.033704,47.527279,1
-122.18424008,47.70642159,1
-122.234482,47.705801,1
-122.1284522,47.6303953,1
-122.930397,47.031936,1
-122.930764,47.031736,1
-122.8942,47.028426,1
-122.178864,47.622439,1
-122.178904,47.622458,1
-122.178891,47.622438,1
-122.341968,47.625644,1
-122.341914,47.625645,1
-122.017533,47.544619,1
-122.017533,47.544561,1
-122.9116758,46.9847271,1
-122.342054,47.625578,1
-121.46967,45.71609,1
-122.374255,47.628913,1
-122.37427,47.629005,1
-122.374083,47.628833,1
-122.37405,47.62887,1
-122.374183,47.628949,1
-122.374217,47.62902,1
-122.374292,47.628906,1
-122.374166,47.628952,1
-122.374164,47.62877,1
-122.374079,47.628734,1
-122.374253,47.628986,1
-122.374029,47.628828,1
-122.374123,47.628831,1
-122.374053,47.628816,1
-122.373934,47.62879,1
-122.373925,47.628781,1
-122.374338,47.628977,1
-122.374202,47.628839,1
-122.377326,47.630845,1
-122.377129,47.630379,1
-122.377299,47.630731,1
-122.377344,47.630844,1
-122.3455343,47.2334631,1
-117.19012,47.6656,1
-120.54048,46.652275,1
-120.54041,46.65216,1
-122.294053,47.115002,1
-120.53995,46.652264,1
-120.540146,46.65222,1
-120.53998,46.652363,1
-120.539856,46.653072,1
-122.225152,47.443065,1
-122.178862,47.622478,1
-122.177564,47.622486,1
-122.177518,47.622496,1
-122.17756,47.622504,1
-122.17752,47.622484,1
-122.177544,47.622495,1
-122.178858,47.622463,1
-122.33173,47.800342,1
-122.462768,47.186179,1
-122.178878,47.622435,1
-122.178907,47.62244,1
-122.178891,47.622467,1
-122.682883,45.817752,1
-122.941812,46.107135,1
-120.263405,47.397945,1
-120.263596,47.398136,1
-120.26353,47.398167,1
-122.294334,47.52439,1
-122.336144,47.624088,1
-122.336165,47.624117,1
-122.33611,47.624108,1
-122.336176,47.624088,1
-122.336153,47.624137,1
-122.336045,47.624035,1
-122.206739,47.678705,1
-122.177263,47.622622,1
-122.1773,47.622527,1
-122.098617,47.663672,1
-122.148366,47.446482,1
-122.506288,48.78587,1
-119.90306,46.2563,1
-121.48505,45.72812,1
-122.2905516,47.6970343,1
-122.313561,47.203639,1
-122.336271,47.624014,1
-122.335419,47.624139,1
-122.335413,47.623947,1
-122.335571,47.624,1
-122.335571,47.623978,1
-122.335662,47.623864,1
-122.335809,47.62398,1
-122.539513,45.779686,1
-122.539517,45.779802,1
-122.336253,47.620482,1
-122.336175,47.62044,1
-122.336188,47.621486,1
-122.337642,47.623798,1
-122.337694,47.623911,1
-122.55342,45.684915,1
-122.553369,45.684954,1
-122.37659,47.689356,1
-122.339812,48.451297,1
-122.4991558918571,47.22813861226714,1
-122.43429270240784,47.25927995829793,1
-122.43429270240784,47.25927995829793,1
-122.485043,47.228157,1
-122.48298,47.22778,1
-117.537711,47.626199,1
-117.537649,47.626233,1
-117.537759,47.626154,1
-122.906952,47.045491,1
-122.484997,46.533843,1
-122.629874,46.531361,1
-122.28006,46.555513,1
-122.280013,46.555512,1
-122.194239,46.76501,1
-122.336349,47.621342,1
-122.336351,47.621341,1
-121.390658,46.639615,1
-123.01408,48.53532,1
-123.0185331190491,48.53475594577669,1
-122.86036,48.44512,1
-122.9091449298859,48.70455277599716,1
-122.90453,48.69529,1
-122.90417,48.69418,1
-122.91266536441802,48.52618264160765,1
-122.337084,48.450232,1
-122.337127,48.450226,1
-122.20131,47.61186,1
-120.49748,46.586168,1
-121.958906,46.535844,1
-121.669494,46.609914,1
-120.49749,46.586189,1
-122.32588,47.702793,1
-122.340205,47.617519,1
-122.340242,47.617496,1
-122.340219,47.617506,1
-122.340196,47.617525,1
-122.340215,47.61751,1
-122.340235,47.6175,1
-122.340227,47.617505,1
-122.34029,47.617454,1
-122.340395,47.617405,1
-122.340269,47.617498,1
-122.340315,47.617439,1
-122.340333,47.617425,1
-122.501966,47.66201,1
-122.501937,47.662012,1
-122.326277,47.634499,1
-122.326341,47.634528,1
-122.326374,47.634499,1
-122.29722,47.60025,1
-120.956107045492,47.195255663717,1
-122.484954,46.533843,1
-122.630243,46.531353,1
-122.049337,47.5461081,1
-122.1652854,47.578682,1
-122.1664985,47.578473,1
-122.3288731,47.5469551,1
-122.29721987976122,47.51766862379205,1
-122.343703,47.6113722,1
-122.64233632208956,45.716144166102126,1
-122.38494,47.66981,1
-122.3527187,47.6160967,1
-122.1260216,47.6788524,1
-122.1613321,47.5437808,1
-122.3602985,47.6215389,1
-122.3241666,47.6148399,1
-122.2009976,47.6121794,1
-122.6344971,47.6205619,1
-122.4484477,47.24015768,1
-122.972792,46.682265,1
-122.54757990674624,45.75095984777836,1
-122.1670054,47.57668091,1
-122.1657146,47.57858476,1
-122.1663053,47.57932701,1
-122.1671315,47.5766937,1
-122.0722164,47.5511184,1
-122.3410102,47.6144471,1
-122.6523737,47.5023415,1
-119.14626421984232,46.191192929631406,1
-122.25331,47.44897,1
-122.374551,47.0987868,1
-122.2694515,47.0968511,1
-122.2511413,47.4577042,1
-122.1939756,47.796251,1
-122.224457,47.2029039,1
-122.050648,47.548675,1
-122.122092,47.6688074,1
-122.1845859,47.7647852,1
-122.4705984,47.1851726,1
-117.369619,48.862062,1
-123.15288171604192,48.60856686159947,1
-122.36484747520292,47.56716777356541,1
-122.240193,47.2125843,1
-122.7551371,47.0560184,1
-122.31579498724822,47.61360885799295,1
-122.2911963,47.5597763,1
-122.1813697,47.7634842,1
-122.2832798,47.5403411,1
-122.136031,47.633041,1
-122.30001030443889,47.664513531216464,1
-122.3594244,47.7486311,1
-122.3594244,47.7486311,1
-122.6760895,47.5652645,1
-122.460142,47.444149,1
-122.188461,48.099457,1
-122.188418,48.099457,1
-122.188407,48.099464,1
-122.188429,48.099464,1
-122.75812260076324,47.036381224724856,1
-117.098183,47.668993,1
-117.098583,47.669151,1
-117.098583,47.669187,1
-117.098508,47.669173,1
-122.42894,47.202015,1
-122.336753,47.622867,1
-122.185672,47.705595,1
-122.185308,47.705587,1
-122.3529158,47.651792,1
-122.494703,47.16931,1
-122.300435,47.836466,1
-122.6627871606062,47.76572183096526,1
-118.354086,46.053183,1
-122.196429,47.614578,1
-122.196404,47.614574,1
-122.196425,47.614582,1
-122.196437,47.614599,1
-122.196417,47.614579,1
-122.196441,47.614601,1
-122.19646,47.614558,1
-122.196445,47.614583,1
-122.19644,47.61457,1
-122.19643,47.614588,1
-122.196441,47.614594,1
-122.196451,47.614641,1
-122.196469,47.614572,1
-122.196459,47.614618,1
-122.196424,47.614594,1
-122.196453,47.614667,1
-122.196447,47.614743,1
-122.196461,47.614747,1
-122.196463,47.614618,1
-122.19644,47.614604,1
-122.196492,47.614626,1
-122.196465,47.614621,1
-122.196465,47.61461,1
-122.196644,47.614901,1
-122.196464,47.614596,1
-122.196442,47.614571,1
-122.196477,47.614582,1
-122.196471,47.614607,1
-122.19648,47.614569,1
-122.196456,47.614592,1
-124.053026,46.349067,1
-120.5399,46.652767,1
-122.28197,47.864533,1
-120.482764497013,46.6053776872519,1
-117.431874,47.662926,1
-122.313662,47.203619,1
-122.482651,47.185951,1
-122.346313,48.449451,1
-117.106385,47.667327,1
-122.335273,47.614019,1
-122.347134,48.559758,1
-122.2506784,47.4570519,1
-122.811905,47.055925,1
-117.369543,47.599475,1
-117.285339,47.68229,1
-117.409002,47.750782,1
-122.20117,47.50982,1
-122.336929,47.621558,1
-122.336961,47.621611,1
-122.336996,47.621517,1
-122.337002,47.621596,1
-122.336999,47.621564,1
-122.337012,47.621597,1
-122.336999,47.621624,1
-122.33698,47.621547,1
-122.336961,47.621566,1
-122.336956,47.621587,1
-117.04866,46.425404,1
-122.22888831829938,47.39555066865192,1
-122.428907,47.202106,1
-122.555513,48.815705,1
-122.369998,45.578597,1
-122.369966,45.578612,1
-122.37,45.578614,1
-122.370007,45.578607,1
-122.369998,45.578611,1
-122.369971,45.578601,1
-117.2044944,47.6743486,1
-117.2045108,47.6743353,1
-117.2045349,47.6743405,1
-117.2045561,47.6743272,1
-117.2045772,47.6743267,1
-117.20461,47.6742739,1
-122.62866141202132,45.61970112205079,1
-120.462157,46.843149,1
-122.18940939047714,47.604151149501504,1
-122.114889,47.670465,1
-117.976062919428,47.3001237950386,1
-117.565699782953,47.4972856294039,1
-117.576707512147,47.6441402329576,1
-117.550308583482,47.6405748972829,1
-117.538139100635,47.636747291571,1
-117.537588234816,47.6268814476275,1
-117.489923319859,47.6176524554148,1
-117.401065286262,47.625993076023,1
-117.426683514568,47.6464283735088,1
-117.427341208809,47.659207793755,1
-117.425382878579,47.6596979865922,1
-117.420004142045,47.6589127666411,1
-117.429561558108,47.6628381439015,1
-117.424154919314,47.6649707611323,1
-117.413773924025,47.6635639825081,1
-117.401612930819,47.6576629583616,1
-117.409162927993,47.6791780046368,1
-124.16514134488,47.0080700982166,1
-117.537588234816,47.6268814476275,1
-122.80642,47.04741,1
-122.806449,47.047593,1
-122.806465,47.047474,1
-122.677765,45.623493,1
-122.677765,45.623505,1
-122.32467640397034,47.615584085535176,1
-121.669522,46.6099,1
-122.33917350720871,47.78069523487534,1
-122.36008828525904,47.80840769494938,1
-122.32542304477656,47.84948206900219,1
-122.34282967546146,47.82656454887777,1
-122.341988,47.831333,1
-122.3293563375386,47.808931332907136,1
-122.932627,47.030911,1
-122.190394,48.149745,1
-122.190468,48.149743,1
-122.23267704662013,47.95778906871235,1
-122.2901406,47.7407321,1
-122.33231,47.77635,1
-122.30149,47.31915,1
-122.34568,47.51424,1
-122.1650353,47.5872608,1
-119.121735,46.241776,1
-119.121734,46.241722,1
-122.33814,47.64787,1
-122.37907,47.64994,1
-122.81850367516904,48.05069032221915,1
-119.206387,46.226072,1
-117.284268,47.721503,1
-117.284169,47.721475,1
-122.34208,47.60852,1
-122.342184,47.608639,1
-117.431704,47.668815,1
-122.354868,47.66138,1
-120.740517,47.755317,1
-123.384254,46.20333,1
-122.112045,47.670431,1
-119.861968601708,47.0810708183483,1
-122.4,47.66,1
-119.21,46.21,1
-122.2554202,47.3809667,1
-122.1943169,47.48348584,1
-122.32547,48.42017,1
-122.485335,48.776637,1
-122.039233,47.60075,1
-122.039225,47.60075,1
-122.574574,48.106661,1
-122.890677,47.990675,1
-122.92153,48.049829,1
-122.76919,48.010013,1
-122.782824,48.110439,1
-122.770968,48.110637,1
-123.167882081794,48.0619280325713,1
-123.270377775693,48.115196464776,1
-123.402787,48.105604,1
-123.422787582193,48.1161911569291,1
-122.342843,47.609463,1
-122.342068,47.608994,1
-122.342068,47.608951,1
-122.342047,47.608929,1
-122.338823,47.60559,1
-120.5389,46.653156,1
-122.76253333284753,47.03607193773977,1
-122.648486,48.287967,1
-120.586792,47.00615,1
