lat,long,agi
45.616174,-122.497721,35844
47.670893,-117.176698,42821
47.044011,-122.822404,34394
47.443377,-122.296229,35278
47.734211,-122.147041,91062
46.213233,-119.162367,27737
47.65654521,-122.6737546,45317
47.4799835,-122.215076,45670
47.501865833,-122.203970833,65018
47.678688,-122.174022,187933
47.758855,-122.2474,71076
48.51004,-122.608116,60931
48.510044,-122.608185,60931
46.589108,-120.601588,44013
47.653125,-122.143971,69292
47.337269,-123.160611,32504
47.594042,-122.323977,81073
46.588986,-120.60055,44013
47.622158,-122.176042,117231
47.622172,-122.175417,117231
47.621787,-122.175997,117231
47.621722,-122.175868,117231
47.621671,-122.17589,117231
47.621852,-122.175836,117231
47.621751,-122.175943,117231
47.621758,-122.175804,117231
47.890423,-122.286971,63166
47.621743,-122.176008,117231
47.62216,-122.176,117231
47.621837,-122.175922,117231
47.622008,-122.175897,117231
47.62183,-122.175707,117231
47.621748,-122.175959,117231
47.621685,-122.176008,117231
47.621826,-122.175977,117231
47.621808,-122.176051,117231
47.621657,-122.175954,117231
47.83522282290976,-120.068983390213,44544
47.622044,-122.175811,117231
47.62211,-122.175807,117231
47.621921,-122.176015,117231
47.621942,-122.175942,117231
47.843755,-122.294874,43843
47.71142,-122.19086,81474
47.611048,-122.202181,239631
47.706589,-122.327778,61215
46.609653,-120.491932,25561
47.519113,-121.841787,81073
47.938215,-122.109075,53937
47.791134,-122.36613,100727
47.621784,-122.175908,117231
47.314888,-122.31487,32259
47.444946,-122.212785,42796
47.80738,-122.290565,44319
47.5758255,-122.1708235,111188
47.2727635,-122.2275765,27573
47.61388,-122.31477,98592
47.6583744,-122.6760529,45317
47.42745,-120.31242,37355
47.662815,-122.31902,127182
47.620214,-122.330658,130936
47.811105,-122.540695,49113
47.43361,-122.27274,35278
48.942575,-122.455243,39719
47.29771,-122.24911,40765
47.614345,-122.200772,239631
47.63173,-122.32099,134395
46.320333,-117.980222,36264
47.611519,-122.182197,117231
46.72527,-122.97422,28265
47.611815,-122.178134,117231
47.6683535,-122.3749615,95249
48.10993,-123.36134,38344
45.714228,-121.461813,33926
47.676045,-122.203117,187933
47.675556,-122.207383,187933
47.675896,-122.203012,187933
47.675365,-122.2075,187933
47.678476,-122.206806,187933
47.613498,-122.320931,98592
48.73115,-122.47117,35429
47.670285,-122.353765,98316
47.670287,-122.353696,98316
47.670292,-122.353627,98316
47.62482,-122.35829,121779
46.711331,-122.976491,28265
46.711291,-122.976524,28265
48.014624,-122.065442,45350
47.499129,-122.180651,65018
47.7651883,-122.6573597,49711
46.97642,-123.80708,28901
46.27622,-122.91012,35994
48.74393,-122.461854,49607
47.53129,-122.06573,91358
47.59736,-120.64588,53459
47.3064421,-122.229972,40765
47.465678,-122.142289,48364
47.97331,-122.201162,40670
47.171582,-122.517619,33617
47.60521,-122.32972,98639
47.62606,-122.349,98639
47.9990269,-122.1914014,40670
48.45625,-122.33954,35338
47.616243,-122.340257,150993
47.615052,-122.338336,150993
47.614986,-122.338444,150993
47.61554,-122.338778,150993
47.615059,-122.338454,150993
47.615399,-122.338834,150993
47.615489,-122.338786,150993
47.616253,-122.340184,150993
47.616246,-122.340184,150993
47.616231,-122.340205,150993
47.338754,-122.221114,27573
45.81749,-122.68359,57400
47.616129,-122.340052,150993
47.616224,-122.340227,150993
47.623336,-122.336584,130936
47.62334,-122.336589,130936
47.623333,-122.336648,130936
47.623327,-122.336677,130936
47.623442,-122.335352,130936
47.623537,-122.335474,130936
47.622775,-122.336355,130936
47.622775,-122.336346,130936
48.92653,-122.64552,37002
47.623027,-122.3365,130936
47.623014,-122.336611,130936
47.621746,-122.336402,130936
47.621821,-122.33637,130936
47.621851,-122.336423,130936
47.620496,-122.33622,130936
47.620275,-122.336253,130936
47.620392,-122.336265,130936
47.620267,-122.336259,130936
47.62036,-122.336252,130936
47.623967,-122.337695,130936
47.61664,-122.338877,150993
47.61669,-122.338963,150993
47.616677,-122.339024,150993
47.616684,-122.339013,150993
47.616676,-122.338931,150993
47.61669,-122.338985,150993
47.616684,-122.33897,150993
47.616712,-122.33907,150993
47.616632,-122.338942,150993
45.77671,-122.669,57400
47.616654,-122.338888,150993
47.61751,-122.340955,150993
47.617453,-122.341014,150993
47.61751,-122.34093,150993
47.617528,-122.340928,150993
47.617473,-122.340993,150993
47.617495,-122.340974,150993
47.617429,-122.341037,150993
47.617264,-122.340534,150993
47.617287,-122.340505,150993
47.707951,-122.321496,61215
47.617307,-122.340479,150993
47.617228,-122.340588,150993
47.613364,-122.196731,239631
47.613372,-122.196796,239631
47.613343,-122.196839,239631
47.613386,-122.196667,239631
47.613372,-122.196721,239631
47.613386,-122.19671,239631
47.61335,-122.196817,239631
47.613401,-122.19671,239631
48.093634,-122.813252,47597
47.613357,-122.196882,239631
47.613364,-122.196774,239631
47.613357,-122.196624,239631
47.613343,-122.196753,239631
47.613343,-122.196699,239631
47.613415,-122.196955,239631
47.618918,-122.346874,130936
47.619488,-122.346886,130936
47.75969,-122.193886,69199
47.759644,-122.1939,69199
48.102409,-122.80229,47597
47.75966,-122.19387,69199
47.759647,-122.193886,69199
47.75966,-122.19386,69199
47.75964,-122.19391,69199
47.037347,-122.897324,45355
47.50453,-122.62941,37099
47.759598,-122.193902,69199
47.621194,-122.186139,239631
47.185296,-122.299236,46423
45.631806,-122.535112,35844
48.103061,-122.794143,47597
45.633264,-122.536477,35844
48.5126865,-122.611788,60931
47.713073982,-122.569902338,39065
48.747824,-122.478347,48487
47.43001676,-122.2961501,35278
47.2464713,-122.4396442,59070
47.9487555,-122.3062009,63166
47.8105149,-122.3748742,100727
47.70340520000001,-122.15378520000002,104401
48.079887824216,-123.09749698672,44410
48.113018,-122.760544,47597
47.381517,-122.26211,33665
47.527683,-121.8237,81073
47.532721,-121.873105,81073
47.52717,-121.82621,81073
46.7250165,-124.0206708,31505
48.0000028,-122.2146431,40670
46.2707488,-118.1532507,33945
48.5012896,-122.6152529,60931
47.688818,-122.150315,104401
47.618317,-122.1969022,239631
47.625092,-117.53956,47253
47.6110064,-122.2021671,239631
47.582405,-122.153989,117231
47.6171782,-122.3313731,257397
47.6246042,-122.35931820000002,121779
47.611378281765,-122.3314401402,257397
47.5944743,-122.6294686,35228
47.281263,-122.516582,62424
47.056479,-122.762767,43185
47.0001351,-122.8280101,34394
47.6055171,-124.3715566,28624
48.755607,-122.454132,49607
47.716066,-122.179613,81474
47.7088267,-122.1601307,104401
47.2535492,-122.4469825,34053
46.2025755,-123.3841695,40464
45.6183882,-122.4917385,48264
47.8142359,-122.3016909,47505
47.5866676,-122.2340887,206897
47.6091997,-122.3241094,98639
47.5987016,-122.3351902,98639
45.6304919,-122.6676833,56466
45.6040109,-122.4757978,69648
47.624921,-122.51934,118406
46.0427838,-118.3869759,30822
47.6177789,-122.1915562,239631
47.65588110993,-122.38276327302,122876
47.6283848,-122.3418983,130936
47.6228746,-122.3394194,130936
47.5974244,-122.3347174,98639
47.7953945,-122.2116571,70533
47.6163395,-122.3330877,257397
47.6035183,-122.3329014,257397
47.581142,-122.3357333,161615
48.079897,-123.098996,44410
48.454081,-122.334149,35338
48.09885,-122.17922,37493
47.618848,-122.3467506,127182
47.6044756,-122.3378981,98639
47.5454638,-122.3764102,65226
47.228303734615,-122.46755358955,28926
45.613275,-122.50409,48264
47.9148059463057,-124.544494766543,28624
46.0039829278164,-122.845311463165,46866
47.0027896,-122.8474706,45355
47.252117,-122.437452,59070
47.30283,-122.424971,53300
47.969278,-118.968139,34436
48.53841,-121.448148,31730
48.666724,-121.264849,31730
48.666724,-121.264849,31730
47.130142,-119.278077,31741
48.510997,-122.227559,34882
46.089925,-118.278785,38102
46.339724,-120.85306,16759
47.616684,-119.287843,38814
47.7534858,-122.1629554,91062
47.7592911,-122.3448427,52359
46.934055045,-122.593947986,31191
47.018706,-122.8976885,45355
47.135190354,-122.294424858,39975
48.3990120273125,-122.333582969284,34728
45.618949,-122.525453,35844
48.00101,-122.2061313,40670
47.222542058,-122.451572702,30645
47.269919942,-122.488110764,53051
47.609528,-122.326393,257397
47.272625257,-122.514344349,62424
47.926042415,-122.09600399,53937
47.8176852900045,-124.151851571593,28624
47.793213,-122.14057,91062
47.793168,-122.140579,91062
47.793094,-122.140577,91062
47.793124,-122.140598,91062
47.673795,-122.128859,104401
47.673824,-122.128893,104401
47.62419,-122.517509,118406
47.621409,-122.353711,130936
47.621311,-122.353622,130936
47.621313,-122.353652,130936
47.621413,-122.353638,130936
47.621376,-122.353648,130936
47.621411,-122.353676,130936
47.621312,-122.353589,130936
47.621377,-122.353675,130936
47.621377,-122.353708,130936
47.621309,-122.353679,130936
47.759501,-122.193075,69199
47.621378,-122.35362,130936
47.302692,-122.424934,53300
47.66149,-122.29641,127182
47.467371,-122.33941,63968
47.621055,-122.175961,117231
47.62119,-122.176009,117231
47.62118,-122.175985,117231
47.621179,-122.176023,117231
47.621169,-122.175976,117231
47.620982,-122.175927,117231
47.757842,-122.190719,69199
47.620905,-122.175829,117231
47.238641,-119.895401,25579
47.238277,-119.895745,25579
47.614104,-122.33319,257397
47.614112,-122.333147,257397
47.606279,-122.335205,98639
45.606403,-122.471468,69648
47.252148,-122.5242,45673
47.691832,-122.35681,98316
47.69158,-122.356266,98316
47.313989,-122.300707,32259
47.3067,-122.58017,71256
47.7096188,-122.1623907,104401
47.6594,-122.36947,95249
47.474171,-122.224102,45670
47.634438,-122.324583,134395
47.331977,-122.093326,46214
46.99476,-122.82386,41793
47.6133892,-122.1970996,239631
47.451373,-122.826865,37053
47.542153,-121.836634,83613
47.562162,-122.684286,38510
47.238785,-122.426722,36840
48.78505083,-122.488855883,44946
47.62497,-117.539743,47253
47.625057,-117.53991,47253
48.791491,-122.492374,44946
46.323285894252,-119.99395804467,20867
47.624986,-117.539808,47253
47.625019,-117.539665,47253
47.625059,-117.539598,47253
47.625024,-117.539864,47253
47.238487,-122.294677,46423
47.577051,-122.125164,93669
47.242541,-122.499508,34053
45.852238,-122.708784,57400
45.852356,-122.708312,57400
45.852508,-122.708365,57400
47.613972,-122.194125,239631
47.613973,-122.194071,239631
47.787897,-122.311661,44319
47.787867,-122.31192,44319
47.198314,-122.489257,28926
47.282993,-122.48233,62424
47.610087,-122.322114,98639
47.584289,-122.136777,69292
47.166509,-122.145315,50551
47.19854,-121.979695,48963
47.605192,-122.33285,98639
47.602544,-122.33301,98639
47.602553,-122.332883,98639
45.629395,-122.663203,39081
45.629428,-122.663273,39081
46.97901,-120.25756,38855
47.04451,-122.8451,45355
47.6232795,-122.354922,130936
47.547088,-122.065336,91358
47.044497,-122.845142,45355
47.645190854,-122.025976837,113543
47.8444,-122.54224225,49113
47.6207775,-122.630222,37155
47.4418203,-122.1554235,48364
47.859687,-121.967706,45966
47.1558165,-122.358682,39975
47.593975,-122.324221,161615
47.618226,-122.333907,150993
47.630989,-117.540534,47253
47.61823,-122.33392,150993
47.618233,-122.33391,150993
47.618223,-122.334017,150993
47.618246,-122.333948,150993
47.618237,-122.33389,150993
47.618244,-122.33387,150993
47.61824,-122.333855,150993
47.7108371216806,-122.17214269969,81474
46.997451997,-122.822238546,34394
46.26024,-119.309695,49635
46.99366,-122.90824,45355
47.707867,-122.321702,61215
47.621188,-122.175998,117231
47.63187,-122.14277,50031
47.582147,-122.136648,69292
47.582154,-122.136594,69292
48.1161725,-123.4347265,38344
47.26726,-122.46208,67968
47.75648,-122.66051,49711
47.72305,-122.29212,61215
47.453215,-122.249421,35278
47.59519,-120.66404,53459
47.453253,-122.24899,35278
47.446823,-122.329489,37400
47.04583576,-122.94200684,50031
48.437167,-122.3369445,34728
47.182613,-122.291317,46301
46.229119,-119.106522,28619
47.322103,-122.173962,42918
48.518102,-122.611203,60931
48.518179,-122.611202,60931
45.639182,-122.623391,39081
47.86215,-121.81659,34349
45.639139,-122.62349,39081
48.286317,-122.6620275,33634
47.8789325,-122.2071316,42691
47.8124532,-122.3758246,100727
47.8113372,-122.37709,100727
47.6733025,-122.1186641,104401
47.67881,-122.17536,187933
47.6743748,-122.3878536,95249
47.6807529,-122.4047949,89744
47.6357914,-122.5148321,118406
47.2086,-121.0198,67324
47.619761,-122.199755,239631
47.619799,-122.199793,239631
47.61977,-122.199722,239631
47.737887216,-122.636288,49711
47.4538545,-122.823114,37053
47.3139055,-122.312283,32259
47.496601419,-122.652109803,41269
48.039928,-122.409736,58310
46.448508,-120.43099,19083
46.448538,-120.430957,19083
48.73423,-122.48795,48487
47.044728,-122.902484,45355
47.044722,-122.902484,45355
47.049617639,-122.829249413,43185
47.535286,-122.6101915,37099
47.231325,-122.4876,28926
48.514381,-122.616919,60931
48.517744,-122.610748,60931
46.997349,-123.446815,31545
46.216773190847,-119.21101917564,27737
47.458466,-122.333257,37400
47.906308,-122.237601,29674
47.209058,-118.22567,27324
47.67381,-117.1130101,61376
47.546287,-122.351925,49607
47.616037,-122.205528,239631
48.052498,-122.189401,37493
48.052641,-122.189422,37493
46.230229,-119.226637,49635
47.513098,-122.652068,37099
48.507864,-122.613612,60931
47.877436435,-122.179395431,60641
47.66159,-122.324877,127182
47.2593,-122.43424,36840
47.542318,-122.32446,45088
47.70779,-122.321726,61215
47.707814,-122.321637,61215
47.706929,-122.320888,61215
47.706948,-122.320856,61215
47.546291,-122.351988,49607
47.180071,-122.552103,42533
48.151766,-122.1815615,41465
47.199421,-122.295091,46423
47.225367,-122.47265,28926
46.225504,-119.118868,28619
46.977979,-120.542576,38855
47.228587,-122.484155,28926
47.228591,-122.483871,28926
47.228591,-122.483943,28926
47.2423503,-122.4367763,59070
47.274639,-122.466744,67968
47.228593,-122.484226,28926
47.228587,-122.484083,28926
47.228591,-122.484015,28926
47.707294,-122.174855,81474
47.46655,-122.22995,45670
47.676223,-122.19942,187933
47.676179,-122.199363,187933
47.830769108,-122.27515344,43843
47.6169094,-122.0334614,43982
47.71535,-117.412094,39647
47.616915,-122.303963,98592
48.745308,-122.481071,48487
47.670337,-117.1812368,29975
47.274538,-122.466743,67968
47.707294,-122.174855,81474
47.069827,-122.773312,28265
45.821511,-120.823346,31507
47.816836,-122.290084,47505
47.228589,-122.484377,28926
45.821535,-120.822781,31507
47.759665,-122.250898,71076
48.7885917,-122.5060156,44946
48.7391984,-122.4851568,48487
47.9120626,-122.1014074,53937
47.8101038,-122.3735496,100727
47.034344,-122.89857,45355
47.731273,-122.293062,61215
47.2551169,-122.4766114,36840
47.542276,-122.324533,45088
47.57865585,-122.1665252,111188
48.1820905,-122.1277345,41465
47.234632,-122.409949,26893
47.221823,-122.443032,32588
47.614112,-122.196978,239631
47.67109,-117.112915,61376
47.623302,-122.345789,130936
47.573641,-122.223648,206897
47.623345,-122.345853,130936
47.623274,-122.345984,130936
47.623307,-122.345933,130936
47.623224,-122.345917,130936
47.5977415,-122.3329233,161615
48.391957,-122.490724,50914
47.814648,-122.112354,65531
47.6206301,-122.3198568,134395
47.676062,-122.091497,104401
47.676078,-122.091413,104401
46.732394,-117.164374,41024
47.676051,-122.091578,104401
47.482839,-122.176025,65018
47.482565,-122.175843,65018
47.161364,-122.517389,33617
47.161377,-122.517325,33617
48.219574,-122.689582,47069
47.363983,-122.241893,33665
47.242139,-122.437121,59070
47.6098443,-122.2024273,239631
47.6280692,-122.1438882,69292
46.729675,-117.161393,41024
47.6753316,-122.2057967,187933
45.627364,-122.673345,56466
45.627361,-122.673261,56466
45.627365,-122.67312,56466
47.300047,-117.978322,27324
48.47916,-120.186565,54389
45.625546157476,-122.58179668033,55625
47.357329,-122.301971,32259
47.2999,-122.2135,27573
47.356001,-122.16869,32831
48.391109,-122.496837,50914
47.621304,-122.357684,121779
46.938306,-121.472889,48963
47.60523,-122.33059,98639
47.2386767566705,-122.430340659049,36840
47.255696,-122.5292482,53051
47.2294673,-122.420899,26893
47.23432,-117.370158,32106
47.980493,-122.197684,40670
47.980407,-122.197643,40670
47.494084378,-122.206335298,45670
47.778229,-122.344838,59103
48.10697,-122.779991,47597
47.18093,-122.44228,25250
47.298756,-122.515766,62424
48.219576,-122.689657,47069
48.2325756,-122.3291167,47836
47.2652015,-122.4496292,67968
47.5806355,-122.1564536,117231
47.4413275,-122.2950909,35278
47.2478256,-122.4141119,36840
45.661573,-122.5636326,34687
45.621549,-122.572604,55625
47.609487,-122.342908,257397
47.476251,-122.332159,32519
47.931316,-122.219758,42371
47.614387,-122.35162200000002,150993
47.050128,-122.823353,43185
47.662861,-122.097803,104401
45.578726,-122.379886,46414
46.220623,-119.219539,27737
47.274697,-122.468095,67968
47.6153062,-122.3521142,150993
47.6004833,-122.31738,80600
47.5732455,-122.6336963,37663
46.1315296,-122.9358643,32571
47.4956579,-121.7867775,74622
47.382882,-122.229116,32831
47.605477,-122.323427,98639
47.745333,-117.407863,38067
47.744534,-122.63931,49711
47.744532,-122.639463,49711
48.251621,-121.601383,30914
46.71653,-120.677423,38745
47.2439401,-122.3698252,39430
47.707366,-122.173913,81474
47.672004,-117.386224,29113
45.66201,-122.584186,34687
45.662011,-122.584106,34687
47.224977,-122.435165,32588
47.62066,-122.32952,130936
48.362102,-120.121376,37152
48.7330226,-122.4712397,48487
47.49845,-122.20461,45670
47.092582,-122.644253,37433
47.820256,-122.271361,47505
47.611261,-122.320999,98592
47.6183604,-122.3383451,150993
47.21543,-122.47068,28926
48.09264,-122.1897,37493
47.118605,-118.365561,34733
47.7033,-122.32519,61215
46.759919,-121.981984,30725
47.67137,-122.11949,104401
47.63986,-122.377668,121779
47.450258,-122.299448,35278
47.618675,-122.18436,239631
47.250837,-122.455311,34053
47.70931,-122.31601,61215
47.701359,-122.363146,89744
47.546017,-122.06528,91358
47.7133,-122.209,81474
45.643374,-122.600102,39081
47.423319,-122.298723,35278
47.619791,-122.19971,239631
47.619784,-122.199758,239631
48.108127484,-122.78202579,47597
47.6617217,-122.3758674,95249
47.25033,-122.18104,130936
47.228157,-122.485043,28926
47.56720941097377,-122.3302094155016,161615
47.709683,-117.407065,39647
47.943721,-117.476902,33320
47.42327,-122.298719,39968
47.444398,-122.29516,35278
48.539715,-117.905363,30871
47.657077,-117.368054,29113
47.693653,-117.374808,23162
47.208167,-122.4343,30645
47.611826,-122.201331,239631
47.972937,-122.200839,40670
46.680072,-122.977218,36475
47.101923,-122.296815,34868
47.618104,-122.19222,239631
48.537035,-121.758653,30048
47.618059,-122.192221,239631
47.618012,-122.192224,239631
47.617957,-122.192223,239631
47.617904,-122.192223,239631
47.617862,-122.192221,239631
47.617821,-122.192223,239631
47.617771,-122.192224,239631
47.616076,-122.339828,150993
47.616069,-122.339836,150993
47.616081,-122.339836,150993
47.429582,-120.315228,37355
47.616062,-122.339797,150993
47.616069,-122.339786,150993
47.616069,-122.339818,150993
47.616026,-122.339818,150993
47.616069,-122.339882,150993
47.616062,-122.339845,150993
47.616055,-122.339829,150993
47.616055,-122.33985,150993
47.616071,-122.339854,150993
47.616083,-122.33985,150993
47.031067,-122.930247,50031
47.442921,-120.316235,37355
47.616082,-122.339821,150993
47.616259,-122.338853,121779
47.616265,-122.338863,121779
47.616277,-122.338872,121779
47.616276,-122.338848,121779
47.616271,-122.338868,121779
47.61628,-122.338861,121779
47.616076,-122.339844,150993
47.61607,-122.339824,150993
47.615307,-122.338225,150993
47.661471,-122.299298,127182
47.615314,-122.338234,150993
47.61532,-122.338246,150993
47.615305,-122.338215,150993
47.615303,-122.338242,150993
47.615311,-122.338245,150993
47.615297,-122.338221,150993
47.616662,-122.340786,150993
47.616653,-122.340794,150993
47.616663,-122.340804,150993
47.616663,-122.340794,150993
47.599,-122.330804,98639
47.778256,-122.344832,59103
47.712309,-122.179514,81474
47.625021,-117.539657,47253
47.625087,-117.539968,47253
47.625006,-117.539796,47253
47.625021,-117.539667,47253
47.625019,-117.539831,47253
47.625122,-117.539614,47253
47.5926384626354,-122.330869270063,98639
47.5955737030563,-122.311841805333,80600
47.534915,-122.037552,91358
47.6054544002366,-122.330085418863,98639
47.610826048907,-122.334346934116,257397
47.6492281351155,-122.342061617054,98316
47.6548806651459,-122.319211227533,127182
47.6619766883491,-122.293346008603,127182
47.04506,-122.89476,45355
48.89416,-122.281001,34426
47.973294,-122.201177,40670
46.2925976863444,-119.274740824072,40370
48.750857,-122.479518,48487
46.375435,-120.33262,18730
47.670514,-117.103246,61376
48.081697184675,-121.96881709403,38554
48.0812599680094,-121.968687709625,38554
47.271112,-122.487932,62424
47.625629,-122.342054,130936
47.625821,-122.342051,130936
47.5816,-122.334883,161615
47.581601,-122.334848,161615
48.72532,-122.505152,48487
47.2600301,-122.4438042,59070
47.6184362,-122.1962934,239631
47.531503,-122.072654,91358
47.530138,-122.070337,91358
47.530096,-122.070319,91358
47.455407,-122.256023,35278
47.615249,-122.3332564,257397
47.49132,-121.79308,74622
47.604891,-122.336815,98639
45.816957,-122.74557,57400
47.614294,-122.201255,239631
48.754914,-122.459858,49607
46.0781030999106,-118.273813752914,38102
46.0805102792022,-118.281170868322,38102
46.58914,-120.603074,44013
46.107148,-122.941863,32571
48.052642,-122.178325,37144
48.052658,-122.178452,37144
46.719919,-117.182462,41024
46.71994,-117.182416,41024
46.719669,-117.181523,41024
47.614098,-122.200729,239631
47.103405,-119.83392,25579
47.374141,-123.155375,32504
46.324948,-119.308371,40370
47.604817,-122.330568,98639
47.512,-122.28809,52144
47.511906,-122.2884,52144
47.51099,-122.29256,52144
48.114488,-123.431968,38344
48.114455,-123.431904,38344
48.114513,-123.43206,38344
48.6735,-121.244711,33567
45.82999,-122.74774,57400
46.9708,-123.82138,28901
46.97114,-123.820991,28901
46.97114,-123.82099,28901
46.97117,-123.82093,28901
46.97117,-123.82092,28901
47.611198,-122.334788,257397
47.673872,-117.35623,29113
48.50598,-122.6117,60931
47.558592,-120.675803,53459
46.25605,-119.11724,28619
46.06881,-118.35589,38102
47.12836,-123.10355,32504
45.645638,-122.601482,39081
46.97114,-123.820993,28901
48.164038,-122.184364,41465
45.647766,-122.59692,34687
45.647721,-122.596933,34687
45.647742,-122.596928,34687
47.673595,-117.20218,29975
46.236607,-119.128998,28619
47.652922,-118.150361,35663
48.78815,-122.487681,44946
47.9752,-122.2018,40670
48.777522,-122.503621,48487
48.751046,-122.477956,48487
47.62245,-122.17886,117231
47.442974,-122.227286,45670
47.442791,-122.227276,45670
47.442789,-122.227261,45670
48.713154,-122.499368,49607
47.66367,-117.412254,53093
47.577257,-122.209818,206897
47.66371,-117.412254,53093
46.679769,-122.976995,36475
47.622447,-122.178896,117231
47.622458,-122.178882,117231
47.622478,-122.177542,117231
47.622506,-122.177537,117231
47.5015305,-122.20464175,65018
47.50222425,-122.203510417,65018
47.0958375,-122.357127,34868
47.563966,-122.287468,52144
47.812524,-122.540217,49113
47.45568,-122.281965,35278
47.707803471,-122.58338748,39065
47.7253287,-122.3465598,52359
48.080594,-123.117292,44410
45.7222565,-122.6509065,47122
47.831167333,-122.275226667,43843
47.501408833,-122.2044995,65018
47.830787,-122.275145,43843
47.622476,-122.17888,117231
48.451235,-122.343842,35338
47.504444,-122.516388,37099
47.622443,-122.178877,117231
46.72914,-117.177179,41024
47.622449,-122.178919,117231
47.615003,-122.331809,257397
47.61488,-122.331476,257397
47.614938,-122.331583,257397
47.614938,-122.331508,257397
47.910443,-122.22728,42691
47.91042,-122.22728,42691
47.3016,-122.234444,40765
47.605953,-122.037391,124931
45.6299198,-122.6684897,56466
47.418452,-122.199528,36723
47.392052,-122.202541,36723
47.648127,-122.317529,134395
47.740406,-117.482601,39647
46.603757,-120.503355,25561
47.909318,-122.225827,42691
46.2159449742615,-119.218547768196,27737
48.436844,-122.312753,34728
47.254591,-122.439294,59070
47.613367,-122.194775,239631
47.275715,-122.396176,36840
47.209605,-122.462678,28926
47.85919654,-122.1767124,60641
47.329972,-122.582577,71256
48.715337,-122.477684,48487
47.555928,-122.67698,38510
47.318292,-122.335526,32259
47.318336,-122.33558,32259
47.655327,-122.205254,187933
47.418161,-122.292929,39968
48.009356,-119.672953,12036
46.037685,-118.371025,30822
47.019158,-120.537756,38855
47.617103,-122.192456,239631
47.620163,-122.190604,239631
45.72812,-121.48508,52734
47.196706,-122.206916,43982
46.03764,-118.370917,30822
47.61928,-122.348035,130936
48.759581,-122.459056,49607
47.622256,-122.356564,130936
48.705586,-119.438406,24247
47.620085,-122.336021,130936
47.622256,-122.356521,130936
47.582053,-122.14192,69292
46.60623617299185,-120.50777013069076,25561
46.584213,-120.541453,23579
46.58407,-120.541405,23579
47.736838,-117.411732,38067
47.619687,-122.200551,239631
47.619744,-122.200532,239631
47.61974,-122.20052,239631
47.612468,-122.194308,239631
47.619679,-122.200523,239631
47.619715,-122.200473,239631
48.10556,-123.40325,38344
46.71111,-117.17948,41024
47.4742,-122.24461,45670
47.613392,-122.195757,239631
47.613392,-122.195727,239631
47.613391,-122.19581,239631
47.613389,-122.195787,239631
47.613391,-122.195743,239631
47.606215,-122.037426,124931
47.61339,-122.195775,239631
47.613392,-122.195765,239631
47.613391,-122.195822,239631
47.61339,-122.195793,239631
47.613391,-122.195782,239631
47.673966,-122.103558,104401
45.563002,-122.325741,46414
45.56304,-122.325634,46414
45.562604,-122.326084,46414
45.562567,-122.325966,46414
48.102863,-123.342273,38344
47.463409,-120.331529,37355
45.56304,-122.32558,46414
47.62624,-122.52045,118406
46.272432,-119.182453,28619
45.562907,-122.325816,46414
47.527279,-122.033704,91358
47.70642159,-122.18424008,81474
47.705801,-122.234482,81474
47.6303953,-122.1284522,93669
47.031936,-122.930397,50031
47.031736,-122.930764,50031
47.531819,-120.300871,37355
47.028426,-122.8942,45355
47.622439,-122.178864,117231
47.622458,-122.178904,117231
47.622438,-122.178891,117231
47.625644,-122.341968,130936
47.625645,-122.341914,130936
47.544619,-122.017533,92257
47.544561,-122.017533,92257
46.9847271,-122.9116758,45355
47.625578,-122.342054,130936
47.565076,-122.32205,161615
45.71609,-121.46967,33926
47.628913,-122.374255,121779
47.629005,-122.37427,121779
47.628833,-122.374083,121779
47.62887,-122.37405,121779
47.628949,-122.374183,121779
47.62902,-122.374217,121779
47.628906,-122.374292,121779
47.628952,-122.374166,121779
47.62877,-122.374164,121779
47.628734,-122.374079,121779
47.628986,-122.374253,121779
47.628828,-122.374029,121779
47.628831,-122.374123,121779
47.628816,-122.374053,121779
47.62879,-122.373934,121779
47.628781,-122.373925,121779
47.628977,-122.374338,121779
47.628839,-122.374202,121779
47.630845,-122.377326,121779
47.520043,-122.344155,49607
47.630379,-122.377129,121779
47.630731,-122.377299,121779
47.630844,-122.377344,121779
47.2334631,-122.3455343,39430
47.6656,-117.19012,39320
46.652275,-120.54048,36089
46.65216,-120.54041,36089
47.115002,-122.294053,34868
46.652264,-120.53995,36089
46.65222,-120.540146,36089
47.702714,-122.334822,52359
46.652363,-120.53998,36089
46.653072,-120.539856,36089
47.443065,-122.225152,45670
47.622478,-122.178862,117231
47.622486,-122.177564,117231
47.622496,-122.177518,117231
47.622504,-122.17756,117231
47.622484,-122.17752,117231
47.622495,-122.177544,117231
47.622463,-122.178858,117231
47.538387,-122.293403,45088
47.800342,-122.33173,59103
47.186179,-122.462768,30645
47.622435,-122.178878,117231
47.62244,-122.178907,117231
47.622467,-122.178891,117231
45.817752,-122.682883,57400
46.107135,-122.941812,32571
47.397945,-120.263405,35645
47.398136,-120.263596,35645
47.398167,-120.26353,35645
47.61309,-122.206569,239631
47.52439,-122.294334,45088
47.624088,-122.336144,130936
47.624117,-122.336165,130936
47.624108,-122.33611,130936
47.624088,-122.336176,130936
47.624137,-122.336153,130936
47.624035,-122.336045,130936
47.678705,-122.206739,187933
47.622622,-122.177263,117231
47.622527,-122.1773,117231
48.418198,-122.334391,34728
47.663672,-122.098617,104401
47.446482,-122.148366,48364
48.78587,-122.506288,44946
46.2563,-119.90306,21954
45.72812,-121.48505,52734
47.6970343,-122.2905516,92722
47.203639,-122.313561,46423
47.624014,-122.336271,130936
47.624139,-122.335419,130936
47.623947,-122.335413,130936
47.622264,-122.342164,130936
47.624,-122.335571,130936
47.623978,-122.335571,130936
47.623864,-122.335662,130936
47.62398,-122.335809,130936
45.779686,-122.539513,44046
45.779802,-122.539517,44046
47.620482,-122.336253,130936
47.62044,-122.336175,130936
47.621486,-122.336188,130936
47.623798,-122.337642,130936
47.207367,-122.294997,46423
47.580655,-122.143364,69292
47.623911,-122.337694,130936
45.684915,-122.55342,34687
45.684954,-122.553369,34687
47.689356,-122.37659,89744
48.451297,-122.339812,35338
47.22813861226714,-122.4991558918571,28926
47.25927995829793,-122.43429270240784,36840
47.25927995829793,-122.43429270240784,36840
47.228157,-122.485043,28926
47.22778,-122.48298,28926
47.635607,-122.137229,104401
47.626199,-117.537711,47253
47.626233,-117.537649,47253
47.626154,-117.537759,47253
47.045491,-122.906952,45355
46.533843,-122.484997,33107
46.531361,-122.629874,40421
46.555513,-122.28006,30407
46.555512,-122.280013,30407
46.76501,-122.194239,27014
47.621342,-122.336349,130936
47.757838,-122.190947,69199
47.621341,-122.336351,130936
46.639615,-121.390658,38745
48.53532,-123.01408,70569
48.53475594577669,-123.0185331190491,70569
48.44512,-122.86036,67488
48.70455277599716,-122.9091449298859,64993
48.69529,-122.90453,64993
48.69418,-122.90417,64993
48.52618264160765,-122.91266536441802,67488
48.450232,-122.337084,35338
47.571386,-122.164808,111188
48.450226,-122.337127,35338
47.61186,-122.20131,239631
46.586168,-120.49748,25561
46.535844,-121.958906,30436
46.609914,-121.669494,34931
46.586189,-120.49749,25561
47.702793,-122.32588,61215
47.617519,-122.340205,150993
47.617496,-122.340242,150993
47.617506,-122.340219,150993
47.616971,-122.203009,239631
47.617525,-122.340196,150993
47.61751,-122.340215,150993
47.6175,-122.340235,150993
47.617505,-122.340227,150993
47.617454,-122.34029,150993
47.617405,-122.340395,150993
47.617498,-122.340269,150993
47.617439,-122.340315,150993
47.617425,-122.340333,150993
47.66201,-122.501966,118406
47.590057,-122.228541,206897
47.662012,-122.501937,118406
47.634499,-122.326277,134395
47.634528,-122.326341,134395
47.634499,-122.326374,134395
47.60025,-122.29722,80600
47.195255663717,-120.956107045492,67324
46.533843,-122.484954,33107
46.531353,-122.630243,40421
47.5461081,-122.049337,91358
47.578682,-122.1652854,111188
47.4175735,-120.317166,37355
47.578473,-122.1664985,111188
47.5469551,-122.3288731,45088
47.51766862379205,-122.29721987976122,45088
47.6113722,-122.343703,150993
45.716144166102126,-122.64233632208956,35243
47.66981,-122.38494,95249
47.6160967,-122.3527187,150993
47.6788524,-122.1260216,104401
47.5437808,-122.1613321,67338
47.6215389,-122.3602985,121779
47.668201,-117.397214,29113
47.6148399,-122.3241666,98592
47.6121794,-122.2009976,239631
47.6205619,-122.6344971,37155
47.24015768,-122.4484477,34053
46.682265,-122.972792,36475
45.75095984777836,-122.54757990674624,44046
47.57668091,-122.1670054,111188
47.57858476,-122.1657146,111188
47.57932701,-122.1663053,111188
47.5766937,-122.1671315,111188
47.612754,-122.198497,239631
47.5511184,-122.0722164,91358
47.6144471,-122.3410102,150993
47.5023415,-122.6523737,41269
46.191192929631406,-119.14626421984232,35293
47.44897,-122.25331,35278
47.0987868,-122.374551,38816
47.0968511,-122.2694515,39901
47.4577042,-122.2511413,35278
47.796251,-122.1939756,70533
47.2029039,-122.224457,43982
47.329291,-122.578979,71256
47.548675,-122.050648,91358
47.6688074,-122.122092,104401
47.7647852,-122.1845859,69199
47.1851726,-122.4705984,28926
48.862062,-117.369619,30194
48.60856686159947,-123.15288171604192,70569
47.56716777356541,-122.36484747520292,49607
47.2125843,-122.240193,39901
47.0560184,-122.7551371,43185
47.61360885799295,-122.31579498724822,98592
47.448354,-122.2188,48364
47.661361,-122.298284,127182
47.5597763,-122.2911963,121779
47.7634842,-122.1813697,69199
47.5403411,-122.2832798,52144
47.633041,-122.136031,104401
47.664513531216464,-122.30001030443889,127182
47.7486311,-122.3594244,52359
47.7486311,-122.3594244,52359
47.5652645,-122.6760895,38510
47.444149,-122.460142,65917
48.099457,-122.188461,37493
47.339342,-122.590314,70318
48.099457,-122.188418,37493
48.099464,-122.188407,37493
48.099464,-122.188429,37493
47.036381224724856,-122.75812260076324,37722
47.668993,-117.098183,61376
47.669151,-117.098583,61376
47.669187,-117.098583,61376
47.669173,-117.098508,61376
47.202015,-122.42894,26893
47.622867,-122.336753,130936
47.75946,-122.661047,49711
47.705595,-122.185672,81474
47.705587,-122.185308,81474
47.651792,-122.3529158,98316
47.16931,-122.494703,33617
47.836466,-122.300435,43843
47.76572183096526,-122.6627871606062,49711
46.053183,-118.354086,38102
47.614578,-122.196429,239631
47.614574,-122.196404,239631
47.614582,-122.196425,239631
48.536489,-123.021351,70569
47.614599,-122.196437,239631
47.614579,-122.196417,239631
47.614601,-122.196441,239631
47.614558,-122.19646,239631
47.614583,-122.196445,239631
47.61457,-122.19644,239631
47.614588,-122.19643,239631
47.614594,-122.196441,239631
47.614641,-122.196451,239631
47.614572,-122.196469,239631
48.514655,-123.028884,70569
47.614618,-122.196459,239631
47.614594,-122.196424,239631
47.614667,-122.196453,239631
47.614743,-122.196447,239631
47.614747,-122.196461,239631
47.614618,-122.196463,239631
47.614604,-122.19644,239631
47.614626,-122.196492,239631
47.614621,-122.196465,239631
47.61461,-122.196465,239631
48.532963,-123.019311,70569
47.614901,-122.196644,239631
47.614596,-122.196464,239631
47.614571,-122.196442,239631
47.614582,-122.196477,239631
47.614607,-122.196471,239631
47.614569,-122.19648,239631
47.614592,-122.196456,239631
46.349067,-124.053026,39020
46.652767,-120.5399,36089
47.864533,-122.28197,42817
48.532844,-123.021001,70569
46.6053776872519,-120.482764497013,25561
47.662926,-117.431874,53093
47.203619,-122.313662,46423
47.185951,-122.482651,28926
48.449451,-122.346313,35338
47.667327,-117.106385,61376
47.614019,-122.335273,257397
48.559758,-122.347134,56039
47.4570519,-122.2506784,35278
47.055925,-122.811905,43185
48.692979,-122.904798,64993
47.599475,-117.369543,53231
47.68229,-117.285339,35010
47.750782,-117.409002,38067
47.50982,-122.20117,65018
47.621558,-122.336929,130936
47.621611,-122.336961,130936
47.621517,-122.336996,130936
47.621596,-122.337002,130936
47.621564,-122.336999,130936
47.621597,-122.337012,130936
48.641279,-122.781015,77465
47.621624,-122.336999,130936
47.621547,-122.33698,130936
47.621566,-122.336961,130936
47.621587,-122.336956,130936
46.425404,-117.04866,34497
47.39555066865192,-122.22888831829938,33665
47.202106,-122.428907,26893
48.815705,-122.555513,44946
45.578597,-122.369998,46414
45.578612,-122.369966,46414
48.521863,-122.909571,67488
45.578614,-122.37,46414
45.578607,-122.370007,46414
45.578611,-122.369998,46414
45.578601,-122.369971,46414
47.6743486,-117.2044944,29975
47.6743353,-117.2045108,29975
47.6743405,-117.2045349,29975
47.6743272,-117.2045561,29975
47.6743267,-117.2045772,29975
47.6742739,-117.20461,29975
47.739021,-117.409937,38067
48.530774,-122.914874,67488
45.61970112205079,-122.62866141202132,39081
46.843149,-120.462157,38855
47.604151149501504,-122.18940939047714,239631
47.670465,-122.114889,104401
47.3001237950386,-117.976062919428,27324
47.4972856294039,-117.565699782953,33221
47.6441402329576,-117.576707512147,22263
47.6405748972829,-117.550308583482,47253
47.636747291571,-117.538139100635,47253
47.6268814476275,-117.537588234816,47253
47.451709,-122.295497,35278
47.6176524554148,-117.489923319859,47253
47.625993076023,-117.401065286262,57909
47.6464283735088,-117.426683514568,38000
47.659207793755,-117.427341208809,53093
47.6596979865922,-117.425382878579,53093
47.6589127666411,-117.420004142045,53093
47.6649707611323,-117.424154919314,53093
47.6635639825081,-117.413773924025,53093
47.6576629583616,-117.401612930819,29113
47.023179,-122.922337,41793
47.6791780046368,-117.409162927993,23162
47.0080700982166,-124.16514134488,37169
47.6268814476275,-117.537588234816,47253
47.04741,-122.80642,34394
47.047593,-122.806449,34394
47.047474,-122.806465,34394
45.623493,-122.677765,56466
45.623505,-122.677765,56466
47.615584085535176,-122.32467640397034,98592
46.6099,-121.669522,34931
47.736632,-122.647204,49711
47.78069523487534,-122.33917350720871,59103
47.80840769494938,-122.36008828525904,100727
47.84948206900219,-122.32542304477656,59103
47.82656454887777,-122.34282967546146,59103
47.831333,-122.341988,59103
47.808931332907136,-122.3293563375386,59103
47.030911,-122.932627,50031
48.149745,-122.190394,37493
48.149743,-122.190468,37493
47.95778906871235,-122.23267704662013,42371
47.652505,-122.694367,45317
47.7407321,-122.2901406,61477
47.77635,-122.33231,52359
47.31915,-122.30149,32259
47.51424,-122.34568,49607
47.5872608,-122.1650353,117231
46.241776,-119.121735,28619
46.241722,-119.121734,28619
47.64787,-122.33814,98316
47.64994,-122.37907,121779
48.05069032221915,-122.81850367516904,47597
48.436423,-122.3088327,34728
46.226072,-119.206387,27737
47.721503,-117.284268,35644
47.721475,-117.284169,35644
47.60852,-122.34208,257397
47.608639,-122.342184,257397
47.668815,-117.431704,53093
47.66138,-122.354868,95249
47.755317,-120.740517,53459
46.20333,-123.384254,40464
47.670431,-122.112045,104401
47.585655,-122.147284,69292
47.0810708183483,-119.861968601708,25579
47.66,-122.4,122876
46.21,-119.21,27737
47.3809667,-122.2554202,33665
47.48348584,-122.1943169,45670
48.42017,-122.32547,41958
48.776637,-122.485335,48487
47.60075,-122.039233,124724
47.60075,-122.039225,124724
48.106661,-122.574574,63876
45.7208083,-122.6467578,47122
47.990675,-122.890677,47597
48.049829,-122.92153,44410
48.010013,-122.76919,35429
48.110439,-122.782824,47597
48.110637,-122.770968,47597
48.115196464776,-123.270377775693,38344
48.105604,-123.402787,38344
48.1161911569291,-123.422787582193,38344
47.609463,-122.342843,257397
47.25914,-122.514596,53051
47.608994,-122.342068,257397
47.608951,-122.342068,257397
47.608929,-122.342047,257397
47.60559,-122.338823,257397
46.653156,-120.5389,36089
47.03607193773977,-122.76253333284753,34394
48.287967,-122.648486,33634
47.00615,-120.586792,38855
47.60636,-122.321639,98639
47.657264,-117.312518,35010
47.477362,-122.215347,45670
47.203981,-122.237313,43982
47.704069,-122.167006,81474
47.611102,-122.334893,257397
47.58495,-122.15043,117231
47.633992,-122.339684,130936
45.6313841,-122.677588,56466
47.637692,-122.513582,118406
47.359935,-122.103668,46214
47.389529,-122.301609,39968
47.21978,-122.48576,28926
48.938283,-119.436456,27146
47.39125,-119.483647,26512
47.883847,-120.154608,45762
47.443363,-122.296428,35278
45.662257,-122.664489,38255
46.750241,-121.812778,30725
47.609095,-122.332012,257397
47.653614,-117.430179,53093
47.669621,-117.416241,53093
45.648094,-122.597954,34687
47.628186,-117.227256,29975
47.662679,-117.431811,53093
47.617634,-122.133439,69292
47.011089,-122.896054,45355
47.58002,-122.312203,80600
47.61541,-122.179484,117231
46.180363,-119.188501,35293
46.994236,-120.549197,38855
47.673158,-117.360474,35644
47.675247,-117.464446,47253
46.047464,-118.353406,38102
47.757824,-122.190681,69199
47.614503,-122.201196,239631
47.614311,-122.201051,239631
47.614752,-122.200829,239631
47.614649,-122.200751,239631
47.251655,-122.437656,59070
47.042642,-124.170682,37169
45.643429,-122.704219,56466
47.754851,-122.155601,91062
47.545075,-122.008911,92257
47.616104,-122.19696,239631
47.471546,-122.232002,45670
47.474427,-122.233381,45670
47.746624,-122.636916,49711
47.798901,-122.3025,44319
46.976679,-123.813485,28901
48.212441,-122.183491,41465
48.509743,-122.338681,35338
46.729872,-122.977392,28265
46.976918,-120.54162,38855
46.198035,-119.162687,27737
47.61434,-122.194037,239631
47.846714,-122.271389,42817
47.116294,-118.368328,34733
48.071064,-123.074581,44410
45.721613,-122.663762,51895
47.598476,-120.656055,53459
47.10579,-122.539,17643
47.96937,-123.86338,33180
47.96937,-123.86338,33180
46.677586,-120.47913,25561
46.242178,-119.124215,28619
47.434021,-122.273183,35278
47.768906,-117.401929,38067
47.6289,-122.341536,130936
47.195359,-124.196082,30407
47.700624,-117.425573,28993
45.852337,-122.708397,57400
47.619056,-122.352371,130936
47.623424,-122.345872,130936
47.22213,-122.478493,28926
47.320954,-122.13822,46214
47.548081,-122.039955,92257
47.661582,-122.32426,127182
47.55493,-122.047455,92257
48.479357,-120.186033,54389
46.798453,-123.0123,35773
47.582336,-122.158644,117231
47.588122,-122.237206,206897
48.543915,-117.904797,30871
47.616992,-122.343984,150993
47.65579218,-117.4236637,53093
47.255854,-122.44172,59070
47.474537,-122.204976,45670
46.132245,-122.935179,32571
46.604239,-120.481583,25561
47.467463,-120.336918,37355
48.214249,-122.184142,41465
46.751382,-121.937189,30725
47.617601,-122.193492,239631
47.611844,-122.193618,239631
47.612345,-122.197702,239631
47.607592,-122.189582,239631
47.568871,-122.145285,111188
48.754197,-122.496675,48487
48.783141,-122.484001,44946
48.788325,-122.48746,44946
46.2960713,-119.4514867,32050
48.990486,-122.774447,44457
45.729538,-121.821066,55666
46.202588,-123.384133,40464
47.842476,-120.098099,44544
47.207984,-121.019499,67324
47.400629,-122.296834,39968
47.601657,-122.036938,124724
47.313799,-122.301009,32259
47.914774,-124.544249,28624
48.010539,-122.534798,62030
47.305772,-122.579191,71256
47.3183909,-122.5853265,71256
47.550984,-122.057823,91358
46.213187,-119.286497,51177
46.178019,-119.189427,51177
48.0396068,-122.4061314,58310
48.041105,-122.410772,58310
47.424222,-122.256619,33665
47.767473,-120.653187,53459
47.551769,-120.680327,53459
47.884887,-120.156959,45762
47.896557,-120.132386,45762
47.10335,-119.251036,31741
46.545331,-122.508967,33107
47.03909,-122.882327,45355
47.443255,-122.212445,42796
47.027278,-122.912415,50031
48.987053,-119.425912,27146
46.250235,-119.116144,28619
48.101579,-123.477119,33180
48.1149208,-123.2683981,38344
48.116414,-123.255357,38344
46.715837,-117.166626,41024
47.17669,-122.2931,46423
47.098792,-119.996204,25579
47.671225,-122.122192,104401
47.444606,-122.214491,42796
46.281294,-119.273452,49635
46.271849,-119.269167,49635
47.610335,-122.341261,257397
47.6049041,-122.3361893,98639
47.610166,-122.335179,257397
47.612347,-122.334168,257397
47.4373126,-122.2876227,35278
47.610845,-122.347258,150993
47.661523,-122.324913,127182
47.622544,-122.333913,130936
47.483635,-122.170748,65018
47.608043,-122.334072,257397
47.661869,-122.315415,127182
47.625675,-122.346886,130936
47.625378,-122.344596,130936
47.614141,-122.336357,257397
47.6270468,-122.3149606,206447
47.607651,-122.339418,257397
48.06217,-123.168319,44410
48.149618,-123.153648,44410
47.474537,-122.204976,45670
47.51865,-121.841773,81073
47.656578,-117.424414,53093
47.656306,-117.423487,53093
47.663559,-117.412422,53093
47.63666,-117.477532,47253
47.66075,-117.414533,53093
47.659917,-117.417273,53093
47.657247,-117.423946,53093
47.642631,-117.537533,47253
47.673676,-117.201827,29975
47.253809,-122.437429,59070
45.6856217,-121.9052444,47997
47.23853,-122.427213,36840
47.3471843,-123.0676404,47327
45.653804,-122.591975,34687
46.0890194,-118.2782343,38102
47.734002,-122.141347,38102
46.088478,-118.227154,38102
46.016223,-118.38607,38102
46.0679132,-118.3408991,38102
46.092016,-118.271808,38102
47.245934,-122.43398,59070
47.476001,-120.376514,37355
46.859479,-124.108594,32858
48.477487,-120.25638,54389
47.732864,-122.147196,91062
46.604039,-120.494574,25561
47.667043,-117.110447,61376
47.189262,-120.902714,67324
45.657705,-122.581873,34687
47.614293,-122.192294,239631
47.578255,-122.17137,111188
47.614744,-122.193162,239631
47.778229,-122.344838,59103
47.578784,-122.171273,111188
47.625077,-122.339032,130936
47.614336,-117.503088,47253
47.674374,-122.127167,104401
47.630363,-117.538616,47253
48.738079,-122.469392,48487
47.6123,-122.1966,239631
47.589593,-122.332945,161615
47.90272981640562,-122.2469883724914,29674
47.49129,-121.79356,74622
45.68739,-122.66091,38669
47.658,-122.712,20292
47.658,-122.712,20292
47.658,-122.712,20292
47.658,-122.712,20292
47.658,-122.712,20292
47.658,-122.712,20292
47.658,-122.712,20292
47.031067,-122.930247,50031
47.658,-122.712,20292
47.658,-122.712,20292
47.563229,-122.646326,20292
47.563313,-122.646465,20292
47.563266,-122.646362,20292
47.56327,-122.646238,20292
48.0553,-122.6957,36377
46.236607,-119.128998,28619
46.603762,-120.503347,25561
48.443205,-122.316279,34728
47.862572,-121.976585,45966
46.31017,-117.99763,36264
47.609629,-122.333133,257397
47.457152,-122.251628,35278
47.769459,-122.151217,91062
47.616294,-122.201029,239631
47.635213,-122.325845,134395
47.207367,-122.294997,46423
47.635119,-122.325866,134395
47.618421,-122.20129,239631
47.590129,-117.565574,53093
47.615943,-122.205532,239631
47.615991,-122.205533,239631
48.44174,-122.34476,34728
47.49729,-122.1993,45670
48.8529235,-122.5895254,38238
47.579872,-122.135431,93669
47.448354,-122.2188,48364
47.83199,-122.26733,43843
47.115829,-122.567993,17643
47.05966,-122.77201,43185
47.444636,-122.21277,42796
47.444881,-122.212781,42796
47.36029,-122.10773,46214
48.09546,-122.1869,37493
46.13988,-122.90126,35326
47.23947,-122.48025,34053
46.60252,-120.47924,25561
47.606684,-122.332664,98639
45.6573855,-122.5847915,34687
45.658859,-122.5835005,34687
47.24293,-122.39677,39430
47.155357,-122.28065,39901
47.155403,-122.28066,39901
47.153199,-122.504023,33617
45.609302,-122.500484,48264
47.678055,-122.314119,92722
47.668051,-117.4063,29113
47.663105,-117.40049,53093
47.91349,-122.21331,42691
47.11948,-118.36271,34733
45.61776,-122.47814,48264
47.585782,-122.233277,206897
47.0420215,-122.938283,50031
47.042821,-122.934577,50031
47.042561,-122.9364625,50031
47.460023,-122.25938,35278
47.5786615,-122.1704435,111188
47.622517,-122.321407,134395
47.582934,-122.323106,161615
47.662307,-122.3697155,95249
47.6825805,-122.317165,92722
47.7018765,-122.3430745,52359
47.6141025,-122.0341465,124931
47.5831155,-122.03388,124724
47.543796,-122.017239,92257
47.6569805,-122.692128,45317
47.658828,-122.6887895,45317
47.617016,-122.33408,257397
47.99823,-122.10064,45350
47.622085,-122.347124,130936
47.4175735,-120.317166,37355
47.70846,-122.32489,61215
47.45571,-122.25738,35278
47.24889,-122.453156,34053
47.54187,-122.05203,91358
47.618696,-122.191787,239631
47.622575,-122.335481,130936
47.585809,-122.233237,206897
47.611815,-122.178134,117231
47.612834,-122.178704,117231
47.545324,-122.0195,91358
47.699613,-122.341922,98316
47.629619,-117.535903,47253
47.86516,-121.97318,45966
48.508154,-122.611842,60931
48.5006578,-122.6159562,60931
47.8045651,-122.1205486,91062
47.848697,-122.246153,43843
47.776781,-122.181535,70533
47.8124532,-122.3758246,100727
47.8051107,-122.3813841,100727
47.57952,-122.321401,161615
47.6665847,-122.0991426,104401
46.0705799,-118.3306351,38102
47.7084377,-122.3179225,61215
47.6165569,-122.1537017,117231
47.5365604,-122.0205442,92257
47.536237,-122.0220539,91358
47.5806355,-122.1564536,117231
47.6699634,-122.3847489,95249
47.6233435,-122.334684,130936
47.6211672,-122.3354501,130936
47.565149,-122.353024,49607
47.6170248,-122.3322181,257397
47.6164918,-122.3324879,257397
47.618090056138,-122.33892002021,130936
47.6156458,-122.3350555,257397
47.6156458,-122.3350555,257397
47.6078691,-122.3196562,98592
47.619075,-122.359573,150993
47.6072826,-122.3360929,257397
47.6091582,-122.3418441,257397
47.6060061,-122.336716,257397
47.21978,-122.48576,28926
47.6034418,-122.3339101,98639
47.5975078,-122.328595,161615
47.5980919,-122.3309701,98639
47.5892477,-122.3358112,161615
47.4884945,-122.1642138,67338
47.24745538956,-122.20054897354,42918
47.298158744057,-122.50341835087,62424
47.2515929,-122.4407988,59070
47.2136054,-122.5366188,46378
47.093942,-122.6260623,37433
47.562162,-122.684286,38510
47.0002897,-122.6682861,37722
46.3455914,-124.060608,39020
48.727512,-122.48124,48487
46.730066,-117.169086,41024
47.80743,-122.20601,70533
47.610024,-122.332078,257397
47.253443770016,-122.44818772393,67968
47.6188924,-122.1969419,239631
47.571333,-122.328404,161615
47.663902,-122.300245,127182
47.458466,-122.333257,37400
47.29799,-122.248532,40765
47.468033,-121.716442,74622
47.028924,-122.913101,50031
47.61479,-122.195543,239631
48.240444,-122.4555,54771
47.610142,-122.331887,257397
46.495156,-120.4206332,19083
46.014123,-118.310165,38102
48.51854,-122.61215,60931
46.0684299,-118.3302973,38102
45.648094,-122.597954,34687
46.022244,-118.410638,38102
47.3205725,-122.220257,27573
47.293522,-122.2129365,27573
47.8312655,-122.266719,43843
47.8219955,-122.2839105,47505
47.619143,-122.34536,130936
47.682637521,-122.289884696,92722
47.905435,-122.2937315,63166
47.358443,-122.1119915,46214
47.470554,-122.3466375,63968
46.590246,-120.500687,25561
47.343188,-122.302009,32259
47.2971285,-122.381656,41562
47.474492,-122.2856685,32519
47.623603,-122.3577595,121779
47.591,-117.56193,47253
47.711826,-122.194719,81474
47.448013,-122.45897,65917
47.616737,-122.146188,69292
47.946567294707,-124.39440425424,28624
47.103514,-119.310208,31741
46.590246,-120.500687,25561
47.459966333,-122.259123333,35278
47.828949,-122.2711475,43843
47.83112125,-122.27003975,43843
47.828184,-122.275288,43843
45.814726,-122.7015315,57400
47.680804938616,-122.40486107918,89744
47.954737,-122.208024,42371
48.937845,-122.667679,44457
47.035837,-122.894963,45355
46.0459904,-118.3568298,38102
47.868914,-121.987449,45966
47.61903,-122.19342,239631
47.618278,-122.122649,93669
45.62946,-122.663366,38255
47.330144,-122.22253,27573
47.050914,-122.902502,45355
47.035839,-122.895096,45355
45.630036,-122.663442,38255
45.6178815,-122.5332135,35844
46.952938,-122.935249,41793
45.659583,-122.583536,34687
47.675897,-122.091237,104401
48.673466,-121.261467,33567
47.02759,-122.920589,50031
47.942921,-124.385236,28624
47.3833,-122.23618,33665
47.6241877,-122.3386584,130936
47.6241877,-122.3386584,130936
47.6228746,-122.3394194,130936
47.6039634,-122.3241159,98639
47.6039634,-122.3241159,98639
47.642531,-117.561399,22263
47.571612,-117.681838,33602
45.63017,-122.504,35844
47.612154,-122.345283,150993
47.618255,-122.122606,93669
47.81013,-122.294248,47505
47.8107,-122.295343,47505
46.219996,-119.78951,34596
47.12852,-119.281584,31741
47.318046,-122.584772,71256
47.563883,-122.624526,37663
48.517768,-122.610743,60931
46.143261,-122.898533,35326
47.54527283,-122.3087234,45088
47.611456,-122.193235,239631
47.599757,-122.187281,239631
47.756896,-122.312344,61477
45.64992,-122.59341,38255
48.545492,-117.905583,30871
47.038242,-122.899229,45355
47.605226,-122.548468,118406
47.602992,-122.627002,71256
47.786952,-117.353857,38652
47.39664792360551,-120.32983635714724,37355
47.598663,-122.331009,98639
47.427475,-120.312078,37355
47.431945,-120.323007,37355
47.432978,-120.322963,37355
47.406469,-120.322576,37355
47.407649,-120.323973,37355
47.616001,-122.32028,98592
46.011032,-118.36136,38102
47.767687,-122.191482,69199
46.062597,-118.34231,38102
47.938312,-122.109156,53937
48.437569,-122.325494,34728
48.995255,-122.75184,44457
47.605888,-122.324733,98639
47.65753,-122.206519,187933
47.65753,-122.206519,187933
47.655327,-122.205254,187933
47.431736,-122.29395,35278
47.653047,-122.313915,127182
47.656832,-122.311626,127182
47.547047,-122.063633,91358
47.658987,-122.309214,127182
47.660311,-122.309086,127182
47.660696,-122.315595,127182
47.184778,-122.29331,46423
47.067908,-122.76289,43185
47.60578,-122.331858,203437
47.45061,-122.294966,35278
46.405066,-120.270721,30697
47.675571,-117.426269,28993
47.584536,-122.148517,69292
48.08536,-123.1135,44410
47.584556,-122.148459,69292
47.536812,-122.303923,45088
47.68768,-117.22993,29975
47.523218,-122.393376,93512
47.523056,-122.395735,93512
47.460005,-122.24099,35278
47.643471,-122.196569,187933
47.643584,-122.195913,187933
47.4847291,-122.1774112,65018
47.8935,-122.256,29674
47.589123,-120.672887,53459
47.588981,-120.67331,53459
46.976691,-120.541869,38855
47.31711,-119.553158,30624
47.649002,-120.070865,29983
47.595741,-120.659917,53459
47.597602,-120.644466,53459
47.595939,-120.64403,53459
47.9749,-122.2014,40670
48.594482,-120.406494,80044
47.545719,-122.015713,92257
47.545785,-122.018499,92257
47.29766425,-122.2455995,40765
47.2994605,-122.2425395,40765
47.41504,-122.19608,36723
47.410095,-122.29889,39968
47.606202,-122.33208,203437
47.606184,-122.332135,98639
47.622505,-122.34279,130936
47.613883,-122.339405,150993
46.259655,-119.282117,49635
47.838905,-122.124795,65531
47.612419,-122.184446,239631
47.2469268,-122.5062726,34053
47.56223,-122.381761,90928
47.188833,-120.903139,67324
47.752026,-122.157877,91062
47.042589,-122.838595,34394
46.659028,-118.861158,21372
47.67179,-122.10457,104401
47.761878,-122.191915,69199
47.605599,-122.330626,98639
47.65593,-117.43163,29975
48.78545,-122.488347,44946
47.809974,-122.2060665,60641
48.78928,-122.5123,44946
47.61176,-122.19734,239631
47.600278,-122.630556,35228
47.227967,-122.499375,28926
47.24716,-122.440056,59070
47.25953,-122.4337,36840
47.042158,-122.833946,34394
47.8399,-120.0199,44544
47.863705,-122.283875,42817
47.8973,-122.205635,42691
47.184725,-122.257002,46301
47.247578,-122.4388,59070
46.3227794,-120.015553,20867
47.6804551,-122.1217694,104401
46.067886,-118.370851,38102
47.677124,-117.249314,34771
47.9074843,-122.2620127,29674
47.254252,-123.197171,32504
47.8399,-120.0199,44544
47.833778,-122.268338,43843
47.424157,-122.256343,33665
47.318711,-122.225391,27573
47.606601,-122.337495,257397
47.75472,-122.312805,61477
47.15598,-122.29757,39975
47.75422,-122.15115,91062
46.9789,-120.54343,38855
47.550487,-122.068649,91358
47.52317,-122.27056,52144
48.476543,-120.180796,54389
47.662554,-122.37504,95249
47.606659,-122.337363,257397
47.684802,-120.206922,33875
48.607282,-123.153777,70569
48.569915,-123.168265,70569
48.524715,-123.026405,70569
48.439781,-122.341794,34728
48.451871,-122.329766,35338
48.436733,-122.312699,34728
48.763595,-122.464329,48487
48.421424,-119.503978,25497
48.795524,-122.531874,44946
46.320465,-117.98068,36264
46.729875,-117.174581,41024
48.1817654,-117.043496,31798
48.772296,-122.443265,44946
47.485346,-122.27222,32519
47.734159,-122.147041,91062
47.568834,-122.145328,111188
47.423345,-122.298724,35278
47.6161,-122.19692,239631
47.758434,-120.742416,53459
47.616143,-122.19689,239631
47.616057,-122.196775,239631
47.616072,-122.196829,239631
47.616101,-122.196893,239631
47.614334,-122.19401,239631
47.614305,-122.194097,239631
48.417923,-122.334809,34728
47.75772,-122.190801,69199
47.902753,-122.246867,29674
47.619855,-122.195919,239631
48.051825,-119.901506,30924
47.443161,-122.212511,42796
47.228592,-122.484299,28926
47.443215,-122.212479,42796
47.612051,-122.186391,239631
47.252059,-122.437484,59070
47.613224,-122.206542,239631
47.622329,-122.342153,130936
47.047742,-122.806456,34394
47.609553,-122.326337,257397
47.609501,-122.326457,257397
45.748069,-122.662816,57400
47.635651,-122.136671,104401
47.577105,-122.209831,206897
47.577174,-122.209822,206897
48.750815,-122.47958,48487
47.61008,-122.322151,98639
47.616729,-122.342786,150993
47.616629,-122.342611,150993
47.616703,-122.342746,150993
47.616701,-122.342813,150993
47.616676,-122.342772,150993
47.620793,-122.192469,239631
47.616608,-122.342771,150993
47.616642,-122.34273,150993
47.616646,-122.3428,150993
47.61659,-122.342801,150993
47.616588,-122.342651,150993
47.616537,-122.342701,150993
47.616616,-122.342831,150993
47.616679,-122.342837,150993
47.616655,-122.34286,150993
47.545335,-122.019501,91358
47.443123,-122.212538,42796
47.608601,-122.333012,257397
47.616939,-122.203004,239631
47.616865,-122.202993,239631
47.61677,-122.203004,239631
47.614098,-122.200748,239631
47.614394,-122.200531,239631
47.614456,-122.200654,239631
47.614157,-122.20117,239631
47.444685,-122.214496,42796
47.423292,-122.298719,39968
47.679224,-122.12995,104401
47.557801,-122.675335,38510
47.469241,-122.338631,63968
47.598754,-122.331002,98639
47.598758,-122.330972,98639
47.59856,-122.330929,98639
47.59855,-122.331009,98639
47.598665,-122.330941,98639
47.601564,-122.036305,124724
47.601615,-122.036718,124724
47.60161,-122.036303,124724
47.761846,-122.191872,69199
46.051228,-122.301754,37407
47.60803,-122.335262,257397
47.757748,-122.19073,69199
47.614517,-122.200807,239631
47.614302,-122.200871,239631
47.614315,-122.201099,239631
47.042614,-124.170718,37169
47.474453,-122.233397,45670
47.628886,-122.341407,130936
47.619059,-122.352384,130936
47.623464,-122.345818,130936
47.56358,-122.62531,37663
47.554889,-122.047456,92257
47.616928,-122.343611,150993
47.627472,-122.155871,117231
47.630319,-117.538566,47253
47.630409,-117.538666,47253
47.589652,-122.332938,161615
47.589803,-122.332999,161615
47.589701,-122.332937,161615
48.44309,-122.316904,34728
48.443125,-122.316511,34728
47.616363,-122.201035,239631
47.616372,-122.201111,239631
47.616416,-122.201146,239631
47.635115,-122.325799,134395
47.618331,-122.201301,239631
47.615923,-122.20553,239631
47.616107,-122.205532,239631
47.444763,-122.21277,42796
47.15545,-122.28066,39901
46.755816,-122.120894,30725
47.155304,-122.280655,39901
47.155502,-122.28065,39901
47.616886,-122.334045,257397
47.616932,-122.33399,257397
47.248875,-122.45322,34053
47.248898,-122.453094,34053
47.61868,-122.191821,239631
47.618669,-122.191761,239631
48.72757,-122.48128,48487
47.66392,-122.300272,127182
48.989751,-122.773271,44457
47.663931,-122.300224,127182
47.663935,-122.300285,127182
47.663975,-122.300272,127182
47.614756,-122.195468,239631
47.954665,-122.208368,42371
47.954679,-122.208344,42371
47.955032,-122.207117,42371
47.035855,-122.894786,45355
47.035858,-122.894738,45355
47.035867,-122.894632,45355
47.425375,-120.307608,37355
47.035865,-122.894692,45355
47.035846,-122.8949,45355
45.629438,-122.663319,38255
47.035841,-122.895035,45355
47.810153,-122.294123,47505
47.810176,-122.294266,47505
47.810125,-122.294145,47505
47.599721,-122.187136,239631
47.035325,-122.901166,45355
47.938226,-122.108766,53937
47.619772,-122.197194,239631
47.43163,-122.29393,35278
46.405006,-120.270737,30697
47.584483,-122.148539,69292
47.523232,-122.393365,93512
47.460055,-122.240989,35278
47.643474,-122.196571,187933
47.643579,-122.195911,187933
48.783478,-122.484131,44946
47.643585,-122.195909,187933
47.545783,-122.018483,92257
47.54578,-122.018474,92257
47.545787,-122.018479,92257
47.606191,-122.3321,203437
47.606129,-122.332106,203437
47.606171,-122.332083,203437
47.606211,-122.332055,203437
47.606119,-122.332135,203437
47.60614,-122.332163,203437
47.61984,-122.19603,239631
47.606148,-122.332065,203437
47.606155,-122.332037,203437
47.606126,-122.332195,203437
47.606182,-122.33206,203437
47.606111,-122.332163,203437
47.606162,-122.332173,98639
47.606153,-122.332134,98639
47.752007,-122.157917,91062
47.228029,-122.499407,28926
47.247112,-122.43998,59070
47.672359,-122.099034,104401
47.840838,-120.018402,44544
47.259555,-122.433611,36840
47.259505,-122.433772,36840
47.247723,-122.438,59070
45.85314,-122.709076,57400
45.853153,-122.70891,57400
45.853123,-122.70916,57400
45.8533,-122.70874,57400
45.85321,-122.709045,57400
45.853115,-122.709,57400
45.853092,-122.708916,57400
46.141922,-122.940192,32571
45.850762,-122.708196,57400
45.853176,-122.70878,57400
45.853138,-122.70895,57400
47.844271,-122.29492,43843
47.55054,-122.068955,91358
47.550508,-122.068641,91358
47.67511,-122.103812,104401
47.67505,-122.104091,104401
45.61618,-122.497689,35844
47.638269,-122.191294,239631
48.1017,-122.181315,37493
47.042275,-122.83436,34394
47.042259,-122.834239,34394
47.46639,-122.249479,35278
47.466305,-122.248888,35278
47.177257,-122.564307,42533
47.635108,-122.325721,134395
47.847481,-122.261384,43843
47.03286,-122.92909,50031
47.625256,-122.339032,130936
47.658961,-122.3185,127182
46.28042,-119.2752,40370
46.349989,-119.276458,40370
46.347582,-119.277892,40370
46.347582,-119.277892,40370
46.347582,-119.277892,40370
46.347582,-119.277892,40370
46.347582,-119.277892,40370
46.347582,-119.277892,40370
46.347582,-119.277892,40370
46.34637,-119.275448,40370
47.658409,-122.318392,127182
46.34637,-119.275448,40370
46.351004,-119.283139,40370
46.351004,-119.283139,40370
46.351004,-119.283199,40370
46.351004,-119.283199,40370
46.351004,-119.283199,40370
47.560795,-122.628517,37663
47.563038,-122.631837,37663
47.563419,-122.647057,38510
47.409788,-122.305105,39968
47.400783,-120.279071,35645
47.041738,-122.901763,45355
46.351004,-119.283139,40370
47.63197,-122.28741,206447
47.609095,-122.332012,257397
46.321933,-119.276827,40370
46.351004,-119.283139,40370
46.351004,-119.283199,40370
46.351004,-119.283199,40370
46.351004,-119.283199,40370
47.400783,-120.279071,35645
45.624407,-122.667352,39081
47.604596,-122.335458,161615
46.345176,-119.281309,40370
47.422071,-122.301442,39968
47.563848,-122.632873,37663
47.559929,-122.650764,37663
48.054272,-122.695343,53696
46.347582,-119.277892,40370
46.347582,-119.277892,40370
46.347582,-119.277892,40370
47.716056,-122.179455,81474
46.347582,-119.277892,40370
46.347582,-119.277892,40370
46.347582,-119.277892,40370
46.347582,-119.277892,40370
46.347582,-119.277892,40370
46.34637,-119.275448,40370
46.34637,-119.275448,40370
47.720932,-122.745697,45317
47.720882,-122.745644,45317
47.720844,-122.745094,45317
47.714435,-122.179399,81474
47.7209,-122.74578,45317
45.625045,-122.667377,39081
47.720879,-122.74543,45317
46.270346,-119.299244,40370
46.345657,-119.278,40370
46.352234,-119.275874,40370
46.34923,-119.271417,40370
47.70224,-122.624811,49711
46.347582,-119.277892,40370
46.347582,-119.277892,40370
47.714793,-122.176869,81474
46.344837,-119.280303,40370
46.344837,-119.280303,40370
46.347582,-119.277892,40370
46.347582,-119.277892,40370
46.347175,-119.280772,40370
46.347175,-119.280772,40370
47.61332,-122.20062,239631
47.6906401,-122.3767497,89744
47.29149,-122.30889,32259
47.449352,-122.254496,35278
